<?xml version="1.0" encoding="utf-8"?>
<Stateflow>
  <machine id="19">
    <P Name="sfVersion">80000046</P>
    <Children>
      <target id="202" name="sfun">
        <P Name="description">Default Simulink S-Function Target.</P>
      </target>
      <chart Ref="chart_20"/>
      <chart Ref="chart_28"/>
      <chart Ref="chart_42"/>
      <chart Ref="chart_56"/>
      <chart Ref="chart_64"/>
      <chart Ref="chart_78"/>
      <chart Ref="chart_89"/>
      <chart Ref="chart_97"/>
      <chart Ref="chart_107"/>
      <chart Ref="chart_118"/>
      <chart Ref="chart_136"/>
      <chart Ref="chart_154"/>
      <chart Ref="chart_164"/>
      <chart Ref="chart_175"/>
      <chart Ref="chart_186"/>
      <chart Ref="chart_193"/>
    </Children>
  </machine>
  <instance id="27">
    <P Name="machine">19</P>
    <P Name="name">Current_estimator/Kalman Filtering Step1</P>
    <P Name="chart">20</P>
  </instance>
  <instance id="41">
    <P Name="machine">19</P>
    <P Name="name">Voltage_estimator/Kalman Filtering Step</P>
    <P Name="chart">28</P>
  </instance>
  <instance id="55">
    <P Name="machine">19</P>
    <P Name="name">Current_estimator/Kalman Filtering Step</P>
    <P Name="chart">42</P>
  </instance>
  <instance id="63">
    <P Name="machine">19</P>
    <P Name="name">Voltage_estimator/Kalman Filtering Step1</P>
    <P Name="chart">56</P>
  </instance>
  <instance id="77">
    <P Name="machine">19</P>
    <P Name="name">Subsystem/Kalman Filtering Step</P>
    <P Name="chart">64</P>
  </instance>
  <instance id="88">
    <P Name="machine">19</P>
    <P Name="name">Subsystem1/Subsystem/MATLAB Function4</P>
    <P Name="chart">78</P>
  </instance>
  <instance id="96">
    <P Name="machine">19</P>
    <P Name="name">Subsystem/Kalman Filtering Step1</P>
    <P Name="chart">89</P>
  </instance>
  <instance id="106">
    <P Name="machine">19</P>
    <P Name="name">Subsystem/Offset_estimator/MATLAB Function</P>
    <P Name="chart">97</P>
  </instance>
  <instance id="117">
    <P Name="machine">19</P>
    <P Name="name">Subsystem2/Junction Temperature Estimator/MATLAB Function4</P>
    <P Name="chart">107</P>
  </instance>
  <instance id="135">
    <P Name="machine">19</P>
    <P Name="name">Subsystem/RG_Current_Estimator/MATLAB Function</P>
    <P Name="chart">118</P>
  </instance>
  <instance id="153">
    <P Name="machine">19</P>
    <P Name="name">Subsystem/RG_Voltage_Estimator/MATLAB Function</P>
    <P Name="chart">136</P>
  </instance>
  <instance id="163">
    <P Name="machine">19</P>
    <P Name="name">Subsystem/Offset_estimator1/MATLAB Function</P>
    <P Name="chart">154</P>
  </instance>
  <instance id="174">
    <P Name="machine">19</P>
    <P Name="name">Subsystem2/Junction Temperature Estimator1/MATLAB Function4</P>
    <P Name="chart">164</P>
  </instance>
  <instance id="185">
    <P Name="machine">19</P>
    <P Name="name">Subsystem2/Junction Temperature Estimator2/MATLAB Function4</P>
    <P Name="chart">175</P>
  </instance>
  <instance id="192">
    <P Name="machine">19</P>
    <P Name="name">Subsystem1/MATLAB Function</P>
    <P Name="chart">186</P>
  </instance>
  <instance id="201">
    <P Name="machine">19</P>
    <P Name="name">Subsystem1/MATLAB Function1</P>
    <P Name="chart">193</P>
  </instance>
</Stateflow>
