<?xml version="1.0" encoding="utf-8"?>
<Stateflow>
  <machine id="19">
    <P Name="sfVersion">80000046</P>
    <Children>
      <target id="163" name="sfun">
        <P Name="description">Default Simulink S-Function Target.</P>
      </target>
      <chart Ref="chart_20"/>
      <chart Ref="chart_28"/>
      <chart Ref="chart_42"/>
      <chart Ref="chart_56"/>
      <chart Ref="chart_64"/>
      <chart Ref="chart_77"/>
      <chart Ref="chart_88"/>
      <chart Ref="chart_96"/>
      <chart Ref="chart_106"/>
      <chart Ref="chart_117"/>
      <chart Ref="chart_135"/>
      <chart Ref="chart_153"/>
    </Children>
  </machine>
  <instance id="27">
    <P Name="machine">19</P>
    <P Name="name">Current_estimator/Kalman Filtering Step1</P>
    <P Name="chart">20</P>
  </instance>
  <instance id="41">
    <P Name="machine">19</P>
    <P Name="name">Voltage_estimator/Kalman Filtering Step</P>
    <P Name="chart">28</P>
  </instance>
  <instance id="55">
    <P Name="machine">19</P>
    <P Name="name">Current_estimator/Kalman Filtering Step</P>
    <P Name="chart">42</P>
  </instance>
  <instance id="63">
    <P Name="machine">19</P>
    <P Name="name">Voltage_estimator/Kalman Filtering Step1</P>
    <P Name="chart">56</P>
  </instance>
  <instance id="76">
    <P Name="machine">19</P>
    <P Name="name">Subsystem/Kalman Filtering Step</P>
    <P Name="chart">64</P>
  </instance>
  <instance id="87">
    <P Name="machine">19</P>
    <P Name="name">Subsystem1/Subsystem/MATLAB Function4</P>
    <P Name="chart">77</P>
  </instance>
  <instance id="95">
    <P Name="machine">19</P>
    <P Name="name">Subsystem/Kalman Filtering Step1</P>
    <P Name="chart">88</P>
  </instance>
  <instance id="105">
    <P Name="machine">19</P>
    <P Name="name">Subsystem/Offset_estimator/MATLAB Function</P>
    <P Name="chart">96</P>
  </instance>
  <instance id="116">
    <P Name="machine">19</P>
    <P Name="name">Junction Temperature Estimator/MATLAB Function4</P>
    <P Name="chart">106</P>
  </instance>
  <instance id="134">
    <P Name="machine">19</P>
    <P Name="name">Subsystem/RG_Current_Estimator/MATLAB Function</P>
    <P Name="chart">117</P>
  </instance>
  <instance id="152">
    <P Name="machine">19</P>
    <P Name="name">Subsystem/RG_Voltage_Estimator/MATLAB Function</P>
    <P Name="chart">135</P>
  </instance>
  <instance id="162">
    <P Name="machine">19</P>
    <P Name="name">Subsystem/Offset_estimator1/MATLAB Function</P>
    <P Name="chart">153</P>
  </instance>
</Stateflow>
