<?xml version="1.0" encoding="utf-8"?>
<System>
  <P Name="Location">[223, 338, 826, 833]</P>
  <P Name="SystemRect">[0.000000, 0.000000, 0.000000, 0.000000]</P>
  <P Name="SetExecutionDomain">off</P>
  <P Name="ExecutionDomainType">Deduce</P>
  <P Name="SIDHighWatermark">36</P>
  <P Name="SimulinkSubDomain">Simulink</P>
  <Block BlockType="Inport" Name="y_corr" SID="295::23">
    <P Name="Position">[20, 101, 40, 119]</P>
    <P Name="ZOrder">14</P>
  </Block>
  <Block BlockType="Inport" Name="omega" SID="295::24">
    <P Name="Position">[20, 136, 40, 154]</P>
    <P Name="ZOrder">15</P>
    <P Name="Port">2</P>
  </Block>
  <Block BlockType="Inport" Name="fs" SID="295::25">
    <P Name="Position">[20, 171, 40, 189]</P>
    <P Name="ZOrder">16</P>
    <P Name="Port">3</P>
  </Block>
  <Block BlockType="Inport" Name="lamda" SID="295::30">
    <P Name="Position">[20, 206, 40, 224]</P>
    <P Name="ZOrder">21</P>
    <P Name="Port">4</P>
  </Block>
  <Block BlockType="Inport" Name="A_estimate " SID="295::1">
    <P Name="Position">[20, 246, 40, 264]</P>
    <P Name="ZOrder">-1</P>
    <P Name="Port">5</P>
  </Block>
  <Block BlockType="Inport" Name="phase_estimate " SID="295::22">
    <P Name="Position">[20, 281, 40, 299]</P>
    <P Name="ZOrder">13</P>
    <P Name="Port">6</P>
  </Block>
  <Block BlockType="Inport" Name="k " SID="295::26">
    <P Name="Position">[20, 316, 40, 334]</P>
    <P Name="ZOrder">17</P>
    <P Name="Port">7</P>
  </Block>
  <Block BlockType="Inport" Name="c " SID="295::32">
    <P Name="Position">[20, 351, 40, 369]</P>
    <P Name="ZOrder">23</P>
    <P Name="Port">8</P>
  </Block>
  <Block BlockType="Demux" Name=" Demux " SID="295::34">
    <P Name="Ports">[1, 1]</P>
    <P Name="Position">[270, 315, 320, 355]</P>
    <P Name="ZOrder">25</P>
    <P Name="Outputs">1</P>
  </Block>
  <Block BlockType="S-Function" Name=" SFunction " SID="295::33">
    <P Name="Tag">Stateflow S-Function 10</P>
    <P Name="Ports">[8, 6]</P>
    <P Name="Position">[180, 100, 230, 280]</P>
    <P Name="ZOrder">24</P>
    <P Name="FunctionName">sf_sfun</P>
    <P Name="PortCounts">[8 6]</P>
    <P Name="SFunctionDeploymentMode">off</P>
    <P Name="EnableBusSupport">on</P>
    <P Name="SFcnIsStateOwnerBlock">off</P>
    <Port>
      <P Name="PortNumber">2</P>
      <P Name="Name">A_estimate</P>
    </Port>
    <Port>
      <P Name="PortNumber">3</P>
      <P Name="Name">gaus_estimate</P>
    </Port>
    <Port>
      <P Name="PortNumber">4</P>
      <P Name="Name">phase_estimate</P>
    </Port>
    <Port>
      <P Name="PortNumber">5</P>
      <P Name="Name">k</P>
    </Port>
    <Port>
      <P Name="PortNumber">6</P>
      <P Name="Name">c</P>
    </Port>
  </Block>
  <Block BlockType="Terminator" Name=" Terminator " SID="295::35">
    <P Name="Position">[460, 326, 480, 344]</P>
    <P Name="ZOrder">26</P>
  </Block>
  <Block BlockType="Outport" Name="A_estimate" SID="295::27">
    <P Name="Position">[460, 101, 480, 119]</P>
    <P Name="ZOrder">18</P>
    <P Name="VectorParamsAs1DForOutWhenUnconnected">off</P>
  </Block>
  <Block BlockType="Outport" Name="gaus_estimate" SID="295::36">
    <P Name="Position">[460, 136, 480, 154]</P>
    <P Name="ZOrder">27</P>
    <P Name="Port">2</P>
  </Block>
  <Block BlockType="Outport" Name="phase_estimate" SID="295::28">
    <P Name="Position">[460, 171, 480, 189]</P>
    <P Name="ZOrder">19</P>
    <P Name="Port">3</P>
    <P Name="VectorParamsAs1DForOutWhenUnconnected">off</P>
  </Block>
  <Block BlockType="Outport" Name="k" SID="295::29">
    <P Name="Position">[460, 206, 480, 224]</P>
    <P Name="ZOrder">20</P>
    <P Name="Port">4</P>
    <P Name="VectorParamsAs1DForOutWhenUnconnected">off</P>
  </Block>
  <Block BlockType="Outport" Name="c" SID="295::31">
    <P Name="Position">[460, 246, 480, 264]</P>
    <P Name="ZOrder">22</P>
    <P Name="Port">5</P>
    <P Name="VectorParamsAs1DForOutWhenUnconnected">off</P>
  </Block>
  <Line>
    <P Name="ZOrder">59</P>
    <P Name="Src">295::23#out:1</P>
    <P Name="Dst">295::33#in:1</P>
  </Line>
  <Line>
    <P Name="ZOrder">60</P>
    <P Name="Src">295::24#out:1</P>
    <P Name="Dst">295::33#in:2</P>
  </Line>
  <Line>
    <P Name="ZOrder">61</P>
    <P Name="Src">295::25#out:1</P>
    <P Name="Dst">295::33#in:3</P>
  </Line>
  <Line>
    <P Name="ZOrder">62</P>
    <P Name="Src">295::30#out:1</P>
    <P Name="Dst">295::33#in:4</P>
  </Line>
  <Line>
    <P Name="ZOrder">63</P>
    <P Name="Src">295::1#out:1</P>
    <P Name="Dst">295::33#in:5</P>
  </Line>
  <Line>
    <P Name="ZOrder">64</P>
    <P Name="Src">295::22#out:1</P>
    <P Name="Dst">295::33#in:6</P>
  </Line>
  <Line>
    <P Name="ZOrder">65</P>
    <P Name="Src">295::26#out:1</P>
    <P Name="Dst">295::33#in:7</P>
  </Line>
  <Line>
    <P Name="ZOrder">66</P>
    <P Name="Src">295::32#out:1</P>
    <P Name="Dst">295::33#in:8</P>
  </Line>
  <Line>
    <P Name="Name">A_estimate</P>
    <P Name="ZOrder">67</P>
    <P Name="Labels">[0, 0]</P>
    <P Name="Src">295::33#out:2</P>
    <P Name="Dst">295::27#in:1</P>
  </Line>
  <Line>
    <P Name="Name">gaus_estimate</P>
    <P Name="ZOrder">68</P>
    <P Name="Labels">[0, 0]</P>
    <P Name="Src">295::33#out:3</P>
    <P Name="Points">[42, 0; 0, -30]</P>
    <P Name="Dst">295::36#in:1</P>
  </Line>
  <Line>
    <P Name="Name">phase_estimate</P>
    <P Name="ZOrder">69</P>
    <P Name="Labels">[0, 0]</P>
    <P Name="Src">295::33#out:4</P>
    <P Name="Points">[80, 0; 0, -25]</P>
    <P Name="Dst">295::28#in:1</P>
  </Line>
  <Line>
    <P Name="Name">k</P>
    <P Name="ZOrder">70</P>
    <P Name="Labels">[0, 0]</P>
    <P Name="Src">295::33#out:5</P>
    <P Name="Points">[119, 0; 0, -20]</P>
    <P Name="Dst">295::29#in:1</P>
  </Line>
  <Line>
    <P Name="Name">c</P>
    <P Name="ZOrder">71</P>
    <P Name="Labels">[0, 0]</P>
    <P Name="Src">295::33#out:6</P>
    <P Name="Points">[157, 0; 0, -10]</P>
    <P Name="Dst">295::31#in:1</P>
  </Line>
  <Line>
    <P Name="ZOrder">72</P>
    <P Name="Src">295::34#out:1</P>
    <P Name="Dst">295::35#in:1</P>
  </Line>
  <Line>
    <P Name="ZOrder">73</P>
    <P Name="Src">295::33#out:1</P>
    <P Name="Dst">295::34#in:1</P>
  </Line>
</System>
