<?xml version="1.0" encoding="utf-8"?>
<System>
  <P Name="Location">[223, 338, 826, 833]</P>
  <P Name="SystemRect">[0.000000, 0.000000, 0.000000, 0.000000]</P>
  <P Name="SetExecutionDomain">off</P>
  <P Name="ExecutionDomainType">Deduce</P>
  <P Name="SIDHighWatermark">29</P>
  <P Name="SimulinkSubDomain">Simulink</P>
  <Block BlockType="Inport" Name="a_l" SID="222::22">
    <P Name="Position">[20, 101, 40, 119]</P>
    <P Name="ZOrder">13</P>
  </Block>
  <Block BlockType="Inport" Name="b_l" SID="222::23">
    <P Name="Position">[20, 136, 40, 154]</P>
    <P Name="ZOrder">14</P>
    <P Name="Port">2</P>
  </Block>
  <Block BlockType="Inport" Name="c_l" SID="222::26">
    <P Name="Position">[20, 171, 40, 189]</P>
    <P Name="ZOrder">17</P>
    <P Name="Port">3</P>
  </Block>
  <Block BlockType="Inport" Name="current" SID="222::24">
    <P Name="Position">[20, 206, 40, 224]</P>
    <P Name="ZOrder">15</P>
    <P Name="Port">4</P>
  </Block>
  <Block BlockType="Inport" Name="R_on_meas" SID="222::25">
    <P Name="Position">[20, 246, 40, 264]</P>
    <P Name="ZOrder">16</P>
    <P Name="Port">5</P>
  </Block>
  <Block BlockType="Demux" Name=" Demux " SID="222::28">
    <P Name="Ports">[1, 1]</P>
    <P Name="Position">[270, 230, 320, 270]</P>
    <P Name="ZOrder">19</P>
    <P Name="Outputs">1</P>
  </Block>
  <Block BlockType="S-Function" Name=" SFunction " SID="222::27">
    <P Name="Tag">Stateflow S-Function 9</P>
    <P Name="Ports">[5, 2]</P>
    <P Name="Position">[180, 100, 230, 220]</P>
    <P Name="ZOrder">18</P>
    <P Name="FunctionName">sf_sfun</P>
    <P Name="PortCounts">[5 2]</P>
    <P Name="SFunctionDeploymentMode">off</P>
    <P Name="EnableBusSupport">on</P>
    <P Name="SFcnIsStateOwnerBlock">off</P>
    <Port>
      <P Name="PortNumber">2</P>
      <P Name="Name">Tj</P>
    </Port>
  </Block>
  <Block BlockType="Terminator" Name=" Terminator " SID="222::29">
    <P Name="Position">[460, 241, 480, 259]</P>
    <P Name="ZOrder">20</P>
  </Block>
  <Block BlockType="Outport" Name="Tj" SID="222::5">
    <P Name="Position">[460, 101, 480, 119]</P>
    <P Name="ZOrder">-5</P>
    <P Name="VectorParamsAs1DForOutWhenUnconnected">off</P>
  </Block>
  <Line>
    <P Name="ZOrder">1</P>
    <P Name="Src">222::22#out:1</P>
    <P Name="Dst">222::27#in:1</P>
  </Line>
  <Line>
    <P Name="ZOrder">2</P>
    <P Name="Src">222::23#out:1</P>
    <P Name="Dst">222::27#in:2</P>
  </Line>
  <Line>
    <P Name="ZOrder">3</P>
    <P Name="Src">222::26#out:1</P>
    <P Name="Dst">222::27#in:3</P>
  </Line>
  <Line>
    <P Name="ZOrder">4</P>
    <P Name="Src">222::24#out:1</P>
    <P Name="Dst">222::27#in:4</P>
  </Line>
  <Line>
    <P Name="ZOrder">5</P>
    <P Name="Src">222::25#out:1</P>
    <P Name="Dst">222::27#in:5</P>
  </Line>
  <Line>
    <P Name="Name">Tj</P>
    <P Name="ZOrder">6</P>
    <P Name="Labels">[0, 0]</P>
    <P Name="Src">222::27#out:2</P>
    <P Name="Dst">222::5#in:1</P>
  </Line>
  <Line>
    <P Name="ZOrder">7</P>
    <P Name="Src">222::28#out:1</P>
    <P Name="Dst">222::29#in:1</P>
  </Line>
  <Line>
    <P Name="ZOrder">8</P>
    <P Name="Src">222::27#out:1</P>
    <P Name="Dst">222::28#in:1</P>
  </Line>
</System>
