<?xml version="1.0" encoding="utf-8"?>
<System>
  <P Name="Location">[8, 8, 1943, 1063]</P>
  <P Name="SystemRect">[0.000000, 0.000000, 0.000000, 0.000000]</P>
  <P Name="Open">on</P>
  <P Name="SetExecutionDomain">off</P>
  <P Name="ExecutionDomainType">Deduce</P>
  <P Name="ZoomFactor">82</P>
  <P Name="SimulinkSubDomain">Simulink</P>
  <Block BlockType="Inport" Name="y" SID="315">
    <P Name="Position">[25, -27, 55, -13]</P>
    <P Name="ZOrder">-1</P>
  </Block>
  <Block BlockType="Delay" Name="Delay2" SID="316">
    <P Name="Ports">[1, 1]</P>
    <P Name="Position">[275, -182, 310, -148]</P>
    <P Name="ZOrder">62</P>
    <P Name="BlockMirror">on</P>
    <P Name="NameLocation">top</P>
    <P Name="InputPortMap">u0</P>
    <P Name="DelayLength">1</P>
    <P Name="InitialCondition">0</P>
  </Block>
  <Block BlockType="Delay" Name="Delay3" SID="317">
    <P Name="Ports">[1, 1]</P>
    <P Name="Position">[275, 93, 310, 127]</P>
    <P Name="ZOrder">63</P>
    <P Name="BlockMirror">on</P>
    <P Name="NameLocation">top</P>
    <P Name="InputPortMap">u0</P>
    <P Name="DelayLength">1</P>
    <P Name="InitialCondition">0</P>
  </Block>
  <Block BlockType="SubSystem" Name="MATLAB Function" SID="318">
    <P Name="Ports">[3, 2]</P>
    <P Name="Position">[245, -52, 340, 22]</P>
    <P Name="ZOrder">61</P>
    <P Name="ErrorFcn">Stateflow.Translate.translate</P>
    <P Name="PermitHierarchicalResolution">ExplicitOnly</P>
    <P Name="TreatAsAtomicUnit">on</P>
    <P Name="RequestExecContextInheritance">off</P>
    <P Name="SFBlockType">MATLAB Function</P>
    <P Name="ContentPreviewEnabled">on</P>
    <System Ref="system_318"/>
  </Block>
  <Block BlockType="Outport" Name="offset_estimate" SID="319">
    <P Name="Position">[480, -42, 510, -28]</P>
    <P Name="ZOrder">-2</P>
    <P Name="VectorParamsAs1DForOutWhenUnconnected">off</P>
  </Block>
  <Line>
    <P Name="ZOrder">1</P>
    <P Name="Src">318#out:2</P>
    <P Name="Points">[4, 0; 0, 105]</P>
    <P Name="Dst">317#in:1</P>
  </Line>
  <Line>
    <P Name="ZOrder">2</P>
    <P Name="Src">316#out:1</P>
    <P Name="Points">[-40, 0]</P>
    <P Name="Dst">318#in:1</P>
  </Line>
  <Line>
    <P Name="ZOrder">3</P>
    <P Name="Src">317#out:1</P>
    <P Name="Points">[-40, 0]</P>
    <P Name="Dst">318#in:3</P>
  </Line>
  <Line>
    <P Name="ZOrder">4</P>
    <P Name="Src">318#out:1</P>
    <P Name="Points">[37, 0; 0, -5]</P>
    <Branch>
      <P Name="ZOrder">5</P>
      <P Name="Dst">319#in:1</P>
    </Branch>
    <Branch>
      <P Name="ZOrder">6</P>
      <P Name="Points">[0, -130]</P>
      <P Name="Dst">316#in:1</P>
    </Branch>
  </Line>
  <Line>
    <P Name="ZOrder">7</P>
    <P Name="Src">315#out:1</P>
    <P Name="Points">[85, 0; 0, 5]</P>
    <P Name="Dst">318#in:2</P>
  </Line>
</System>
