<?xml version="1.0" encoding="utf-8"?>
<System>
  <P Name="Location">[1913, -7, 3848, 1048]</P>
  <P Name="SystemRect">[0.000000, 0.000000, 0.000000, 0.000000]</P>
  <P Name="SetExecutionDomain">off</P>
  <P Name="ExecutionDomainType">Deduce</P>
  <P Name="SimulinkSubDomain">Simulink</P>
  <Block BlockType="Inport" Name="Ids_Single_KF" SID="393">
    <P Name="Position">[-35, -52, -5, -38]</P>
    <P Name="ZOrder">-1</P>
  </Block>
  <Block BlockType="Inport" Name="Rds_Signle_KF" SID="405">
    <P Name="Position">[-35, -12, -5, 2]</P>
    <P Name="ZOrder">566</P>
    <P Name="Port">2</P>
  </Block>
  <Block BlockType="Inport" Name="Ids_Seperate KF" SID="406">
    <P Name="Position">[-35, 148, -5, 162]</P>
    <P Name="ZOrder">567</P>
    <P Name="Port">3</P>
  </Block>
  <Block BlockType="Inport" Name="Rds_Seperate KF" SID="407">
    <P Name="Position">[-35, 188, -5, 202]</P>
    <P Name="ZOrder">568</P>
    <P Name="Port">4</P>
  </Block>
  <Block BlockType="Inport" Name="Id_RGN" SID="408">
    <P Name="Position">[-35, 303, -5, 317]</P>
    <P Name="ZOrder">569</P>
    <P Name="Port">5</P>
  </Block>
  <Block BlockType="Inport" Name="Rds_RGN" SID="409">
    <P Name="Position">[-35, 343, -5, 357]</P>
    <P Name="ZOrder">570</P>
    <P Name="Port">6</P>
  </Block>
  <Block BlockType="SubSystem" Name="Junction Temperature Estimator" SID="202">
    <P Name="Ports">[2, 1]</P>
    <P Name="Position">[175, 137, 335, 213]</P>
    <P Name="ZOrder">562</P>
    <P Name="RequestExecContextInheritance">off</P>
    <P Name="ContentPreviewEnabled">on</P>
    <System Ref="system_202"/>
  </Block>
  <Block BlockType="SubSystem" Name="Junction Temperature Estimator1" SID="384">
    <P Name="Ports">[2, 1]</P>
    <P Name="Position">[175, -63, 335, 13]</P>
    <P Name="ZOrder">561</P>
    <P Name="RequestExecContextInheritance">off</P>
    <P Name="ContentPreviewEnabled">on</P>
    <System Ref="system_384"/>
  </Block>
  <Block BlockType="SubSystem" Name="Junction Temperature Estimator2" SID="395">
    <P Name="Ports">[2, 1]</P>
    <P Name="Position">[175, 292, 335, 368]</P>
    <P Name="ZOrder">563</P>
    <P Name="RequestExecContextInheritance">off</P>
    <P Name="ContentPreviewEnabled">on</P>
    <System Ref="system_395"/>
  </Block>
  <Block BlockType="ToWorkspace" Name="To Workspace1" SID="425">
    <P Name="Ports">[1]</P>
    <P Name="Position">[540, 70, 635, 110]</P>
    <P Name="ZOrder">601</P>
    <P Name="VariableName">Tj_KF_Seperate</P>
    <P Name="MaxDataPoints">inf</P>
    <P Name="SaveFormat">Timeseries</P>
    <P Name="SampleTime">-1</P>
  </Block>
  <Block BlockType="ToWorkspace" Name="To Workspace2" SID="426">
    <P Name="Ports">[1]</P>
    <P Name="Position">[555, 260, 650, 300]</P>
    <P Name="ZOrder">602</P>
    <P Name="VariableName">Tj_RGN</P>
    <P Name="MaxDataPoints">inf</P>
    <P Name="SaveFormat">Timeseries</P>
    <P Name="SampleTime">-1</P>
  </Block>
  <Block BlockType="ToWorkspace" Name="To Workspace5" SID="424">
    <P Name="Ports">[1]</P>
    <P Name="Position">[540, -120, 635, -80]</P>
    <P Name="ZOrder">600</P>
    <P Name="VariableName">Tj_KF_Single</P>
    <P Name="MaxDataPoints">inf</P>
    <P Name="SaveFormat">Timeseries</P>
    <P Name="SampleTime">-1</P>
  </Block>
  <Block BlockType="Outport" Name="Tj_Single KF" SID="394">
    <P Name="Position">[715, -32, 745, -18]</P>
    <P Name="ZOrder">-2</P>
  </Block>
  <Block BlockType="Outport" Name="Tj_Seperate KF" SID="403">
    <P Name="Position">[720, 168, 750, 182]</P>
    <P Name="ZOrder">564</P>
    <P Name="Port">2</P>
  </Block>
  <Block BlockType="Outport" Name="Tj_RGN" SID="404">
    <P Name="Position">[715, 323, 745, 337]</P>
    <P Name="ZOrder">565</P>
    <P Name="Port">3</P>
  </Block>
  <Line>
    <P Name="ZOrder">2</P>
    <P Name="Src">384#out:1</P>
    <P Name="Points">[142, 0]</P>
    <Branch>
      <P Name="ZOrder">13</P>
      <P Name="Points">[0, -75]</P>
      <P Name="Dst">424#in:1</P>
    </Branch>
    <Branch>
      <P Name="ZOrder">12</P>
      <P Name="Dst">394#in:1</P>
    </Branch>
  </Line>
  <Line>
    <P Name="ZOrder">3</P>
    <P Name="Src">202#out:1</P>
    <P Name="Points">[147, 0]</P>
    <Branch>
      <P Name="ZOrder">15</P>
      <P Name="Points">[0, -85]</P>
      <P Name="Dst">425#in:1</P>
    </Branch>
    <Branch>
      <P Name="ZOrder">14</P>
      <P Name="Dst">403#in:1</P>
    </Branch>
  </Line>
  <Line>
    <P Name="ZOrder">4</P>
    <P Name="Src">395#out:1</P>
    <P Name="Points">[161, 0]</P>
    <Branch>
      <P Name="ZOrder">17</P>
      <P Name="Points">[0, -50]</P>
      <P Name="Dst">426#in:1</P>
    </Branch>
    <Branch>
      <P Name="ZOrder">16</P>
      <P Name="Dst">404#in:1</P>
    </Branch>
  </Line>
  <Line>
    <P Name="ZOrder">6</P>
    <P Name="Src">393#out:1</P>
    <P Name="Dst">384#in:1</P>
  </Line>
  <Line>
    <P Name="ZOrder">7</P>
    <P Name="Src">405#out:1</P>
    <P Name="Dst">384#in:2</P>
  </Line>
  <Line>
    <P Name="ZOrder">8</P>
    <P Name="Src">406#out:1</P>
    <P Name="Dst">202#in:1</P>
  </Line>
  <Line>
    <P Name="ZOrder">9</P>
    <P Name="Src">407#out:1</P>
    <P Name="Dst">202#in:2</P>
  </Line>
  <Line>
    <P Name="ZOrder">10</P>
    <P Name="Src">408#out:1</P>
    <P Name="Dst">395#in:1</P>
  </Line>
  <Line>
    <P Name="ZOrder">11</P>
    <P Name="Src">409#out:1</P>
    <P Name="Dst">395#in:2</P>
  </Line>
</System>
