<?xml version="1.0" encoding="utf-8"?>
<System>
  <P Name="Location">[223, 338, 826, 833]</P>
  <P Name="SystemRect">[0.000000, 0.000000, 0.000000, 0.000000]</P>
  <P Name="SetExecutionDomain">off</P>
  <P Name="ExecutionDomainType">Deduce</P>
  <P Name="SIDHighWatermark">111</P>
  <P Name="SimulinkSubDomain">Simulink</P>
  <Block BlockType="Inport" Name="y" SID="265::103">
    <P Name="Position">[20, 101, 40, 119]</P>
    <P Name="ZOrder">94</P>
  </Block>
  <Block BlockType="Inport" Name="A" SID="265::105">
    <P Name="Position">[20, 136, 40, 154]</P>
    <P Name="ZOrder">96</P>
    <P Name="Port">2</P>
  </Block>
  <Block BlockType="Inport" Name="Q" SID="265::104">
    <P Name="Position">[20, 171, 40, 189]</P>
    <P Name="ZOrder">95</P>
    <P Name="Port">3</P>
  </Block>
  <Block BlockType="Inport" Name="R" SID="265::106">
    <P Name="Position">[20, 206, 40, 224]</P>
    <P Name="ZOrder">97</P>
    <P Name="Port">4</P>
  </Block>
  <Block BlockType="Inport" Name="x" SID="265::1">
    <P Name="Position">[20, 246, 40, 264]</P>
    <P Name="ZOrder">-1</P>
    <P Name="Port">5</P>
  </Block>
  <Block BlockType="Inport" Name="H" SID="265::111">
    <P Name="Position">[20, 281, 40, 299]</P>
    <P Name="ZOrder">102</P>
    <P Name="Port">6</P>
  </Block>
  <Block BlockType="Inport" Name="P_old" SID="265::97">
    <P Name="Position">[20, 316, 40, 334]</P>
    <P Name="ZOrder">88</P>
    <P Name="Port">7</P>
  </Block>
  <Block BlockType="Demux" Name=" Demux " SID="265::109">
    <P Name="Ports">[1, 1]</P>
    <P Name="Position">[270, 230, 320, 270]</P>
    <P Name="ZOrder">100</P>
    <P Name="Outputs">1</P>
  </Block>
  <Block BlockType="S-Function" Name=" SFunction " SID="265::108">
    <P Name="Tag">Stateflow S-Function 5</P>
    <P Name="Ports">[7, 3]</P>
    <P Name="Position">[180, 105, 230, 265]</P>
    <P Name="ZOrder">99</P>
    <P Name="FunctionName">sf_sfun</P>
    <P Name="PortCounts">[7 3]</P>
    <P Name="SFunctionDeploymentMode">off</P>
    <P Name="EnableBusSupport">on</P>
    <P Name="SFcnIsStateOwnerBlock">off</P>
    <Port>
      <P Name="PortNumber">2</P>
      <P Name="Name">x_kal</P>
    </Port>
    <Port>
      <P Name="PortNumber">3</P>
      <P Name="Name">P</P>
    </Port>
  </Block>
  <Block BlockType="Terminator" Name=" Terminator " SID="265::110">
    <P Name="Position">[460, 241, 480, 259]</P>
    <P Name="ZOrder">101</P>
  </Block>
  <Block BlockType="Outport" Name="x_kal" SID="265::5">
    <P Name="Position">[460, 101, 480, 119]</P>
    <P Name="ZOrder">-5</P>
    <P Name="VectorParamsAs1DForOutWhenUnconnected">off</P>
  </Block>
  <Block BlockType="Outport" Name="P" SID="265::98">
    <P Name="Position">[460, 136, 480, 154]</P>
    <P Name="ZOrder">89</P>
    <P Name="Port">2</P>
  </Block>
  <Line>
    <P Name="ZOrder">54</P>
    <P Name="Src">265::103#out:1</P>
    <P Name="Dst">265::108#in:1</P>
  </Line>
  <Line>
    <P Name="ZOrder">55</P>
    <P Name="Src">265::105#out:1</P>
    <P Name="Dst">265::108#in:2</P>
  </Line>
  <Line>
    <P Name="ZOrder">56</P>
    <P Name="Src">265::104#out:1</P>
    <P Name="Dst">265::108#in:3</P>
  </Line>
  <Line>
    <P Name="ZOrder">57</P>
    <P Name="Src">265::106#out:1</P>
    <P Name="Dst">265::108#in:4</P>
  </Line>
  <Line>
    <P Name="ZOrder">58</P>
    <P Name="Src">265::1#out:1</P>
    <P Name="Dst">265::108#in:5</P>
  </Line>
  <Line>
    <P Name="ZOrder">59</P>
    <P Name="Src">265::111#out:1</P>
    <P Name="Dst">265::108#in:6</P>
  </Line>
  <Line>
    <P Name="ZOrder">60</P>
    <P Name="Src">265::97#out:1</P>
    <P Name="Dst">265::108#in:7</P>
  </Line>
  <Line>
    <P Name="Name">x_kal</P>
    <P Name="ZOrder">61</P>
    <P Name="Labels">[0, 0]</P>
    <P Name="Src">265::108#out:2</P>
    <P Name="Dst">265::5#in:1</P>
  </Line>
  <Line>
    <P Name="Name">P</P>
    <P Name="ZOrder">62</P>
    <P Name="Labels">[0, 0]</P>
    <P Name="Src">265::108#out:3</P>
    <P Name="Dst">265::98#in:1</P>
  </Line>
  <Line>
    <P Name="ZOrder">63</P>
    <P Name="Src">265::109#out:1</P>
    <P Name="Dst">265::110#in:1</P>
  </Line>
  <Line>
    <P Name="ZOrder">64</P>
    <P Name="Src">265::108#out:1</P>
    <P Name="Dst">265::109#in:1</P>
  </Line>
</System>
