<?xml version="1.0" encoding="utf-8"?>
<System>
  <P Name="Location">[-7, -7, 1288, 688]</P>
  <P Name="SystemRect">[0.000000, 0.000000, 0.000000, 0.000000]</P>
  <P Name="Open">on</P>
  <P Name="SetExecutionDomain">off</P>
  <P Name="ExecutionDomainType">Deduce</P>
  <P Name="ReportName">simulink-default.rpt</P>
  <P Name="SIDHighWatermark">439</P>
  <P Name="SimulinkSubDomain">Simulink</P>
  <Block BlockType="SubSystem" Name="Current_estimator" SID="28">
    <P Name="Ports">[2, 2]</P>
    <P Name="Position">[-35, 404, 65, 446]</P>
    <P Name="ZOrder">48</P>
    <P Name="RequestExecContextInheritance">off</P>
    <P Name="ContentPreviewEnabled">on</P>
    <Port>
      <P Name="PortNumber">1</P>
      <P Name="Name">Id- single KF Estimate</P>
    </Port>
    <System Ref="system_28"/>
  </Block>
  <Block BlockType="Reference" Name="Recursive Least Squares Estimator" SID="188">
    <P Name="Ports">[2, 1]</P>
    <P Name="Position">[285, 414, 395, 496]</P>
    <P Name="ZOrder">550</P>
    <P Name="LibraryVersion">3.0</P>
    <P Name="SourceBlock">ctrlSharedLib/Recursive Least Squares Estimator</P>
    <P Name="SourceType">idEstimatorsRLS</P>
    <P Name="SourceProductBaseCode">CT,ID</P>
    <InstanceData>
      <P Name="RTWMemSecFuncInitTerm">Inherit from model</P>
      <P Name="RTWMemSecFuncExecute">Inherit from model</P>
      <P Name="RTWMemSecDataConstants">Inherit from model</P>
      <P Name="RTWMemSecDataInternal">Inherit from model</P>
      <P Name="RTWMemSecDataParameters">Inherit from model</P>
      <P Name="ContentPreviewEnabled">on</P>
      <P Name="InitialEstimateSource">None</P>
      <P Name="InitialParameterData">1</P>
      <P Name="P0">1</P>
      <P Name="InitialRegressors">0</P>
      <P Name="InitialOutputs">0</P>
      <P Name="History">Finite</P>
      <P Name="WindowLength">50</P>
      <P Name="EstimationMethod">Forgetting Factor</P>
      <P Name="AdaptationParameter">1</P>
      <P Name="HasTimeVaryingAdaptationParameter">off</P>
      <P Name="NormalizationBias">eps</P>
      <P Name="OutputError">off</P>
      <P Name="OutputP">off</P>
      <P Name="AddEnablePort">off</P>
      <P Name="ExternalReset">None</P>
      <P Name="InputProcessing">Sample-based</P>
      <P Name="Ts">delta_t</P>
    </InstanceData>
    <Port>
      <P Name="PortNumber">1</P>
      <P Name="Name">Rds_on_Seperate-KF Estimate</P>
      <P Name="PropagatedSignals">Parameters</P>
    </Port>
  </Block>
  <Block BlockType="Scope" Name="Scope" SID="116">
    <P Name="Ports">[5]</P>
    <P Name="Position">[265, 526, 300, 604]</P>
    <P Name="ZOrder">62</P>
    <P Name="ScopeSpecificationString">Simulink.scopes.TimeScopeBlockCfg(&apos;CurrentConfiguration&apos;, extmgr.ConfigurationSet(extmgr.Configuration(&apos;Core&apos;,&apos;General UI&apos;,true),extmgr.Configuration(&apos;Core&apos;,&apos;Source UI&apos;,true),extmgr.Configuration(&apos;Sources&apos;,&apos;WiredSimulink&apos;,true),extmgr.Configuration(&apos;Visuals&apos;,&apos;Time Domain&apos;,true,&apos;SerializedDisplays&apos;,{struct(&apos;MinYLimReal&apos;,&apos;-35.8152&apos;,&apos;MaxYLimReal&apos;,&apos;54.18107&apos;,&apos;YLabelReal&apos;,&apos;&apos;,&apos;MinYLimMag&apos;,&apos;0.00000&apos;,&apos;MaxYLimMag&apos;,&apos;54.18107&apos;,&apos;LegendVisibility&apos;,&apos;On&apos;,&apos;XGrid&apos;,true,&apos;YGrid&apos;,true,&apos;PlotMagPhase&apos;,false,&apos;AxesColor&apos;,[0 0 0],&apos;AxesTickColor&apos;,[0.686274509803922 0.686274509803922 0.686274509803922],&apos;ColorOrder&apos;,[1 1 0.0666666666666667;0.0745098039215686 0.623529411764706 1;1 0.411764705882353 0.16078431372549;0.392156862745098 0.831372549019608 0.0745098039215686;0.717647058823529 0.274509803921569 1;0.0588235294117647 1 1;1 0.0745098039215686 0.650980392156863],&apos;Title&apos;,&apos;%&lt;SignalLabel&gt;&apos;,&apos;LinePropertiesCache&apos;,{{struct(&apos;Visible&apos;,&apos;on&apos;),struct(&apos;Visible&apos;,&apos;on&apos;),struct(&apos;Visible&apos;,&apos;on&apos;),struct(&apos;Visible&apos;,&apos;off&apos;)}},&apos;UserDefinedChannelNames&apos;,{{}},&apos;NumLines&apos;,5,&apos;LineNames&apos;,{{&apos;Current_estimator/1&apos;,&apos;Channel 2&apos;,&apos;Current_estimator/2&apos;,&apos;Subsystem1/5&apos;,&apos;Subsystem1/2&apos;}},&apos;ShowContent&apos;,true,&apos;Placement&apos;,1)},&apos;DisplayPropertyDefaults&apos;,struct(&apos;MinYLimReal&apos;,&apos;-35.8152&apos;,&apos;MaxYLimReal&apos;,&apos;54.18107&apos;,&apos;YLabelReal&apos;,&apos;&apos;,&apos;MinYLimMag&apos;,&apos;0.00000&apos;,&apos;MaxYLimMag&apos;,&apos;54.18107&apos;,&apos;LegendVisibility&apos;,&apos;On&apos;,&apos;XGrid&apos;,true,&apos;YGrid&apos;,true,&apos;PlotMagPhase&apos;,false,&apos;AxesColor&apos;,[0 0 0],&apos;AxesTickColor&apos;,[0.686274509803922 0.686274509803922 0.686274509803922],&apos;ColorOrder&apos;,[1 1 0.0666666666666667;0.0745098039215686 0.623529411764706 1;1 0.411764705882353 0.16078431372549;0.392156862745098 0.831372549019608 0.0745098039215686;0.717647058823529 0.274509803921569 1;0.0588235294117647 1 1;1 0.0745098039215686 0.650980392156863],&apos;Title&apos;,&apos;%&lt;SignalLabel&gt;&apos;)),extmgr.Configuration(&apos;Tools&apos;,&apos;Plot Navigation&apos;,true,&apos;OnceAtStop&apos;,false,&apos;PreviousAutoscale&apos;,&apos;XY&apos;),extmgr.Configuration(&apos;Tools&apos;,&apos;Measurements&apos;,true,&apos;Version&apos;,&apos;2021b&apos;)),&apos;Version&apos;,&apos;2021b&apos;,&apos;Position&apos;,[1 41 1280 607.333333333333])</P>
    <P Name="NumInputPorts">5</P>
    <P Name="Floating">off</P>
  </Block>
  <Block BlockType="Scope" Name="Scope1" SID="193">
    <P Name="Ports">[5]</P>
    <P Name="Position">[265, 621, 300, 699]</P>
    <P Name="ZOrder">552</P>
    <P Name="ScopeSpecificationString">Simulink.scopes.TimeScopeBlockCfg(&apos;CurrentConfiguration&apos;, extmgr.ConfigurationSet(extmgr.Configuration(&apos;Core&apos;,&apos;General UI&apos;,true),extmgr.Configuration(&apos;Core&apos;,&apos;Source UI&apos;,true),extmgr.Configuration(&apos;Sources&apos;,&apos;WiredSimulink&apos;,true,&apos;DataLoggingVariableName&apos;,&apos;ScopeData1&apos;),extmgr.Configuration(&apos;Visuals&apos;,&apos;Time Domain&apos;,true,&apos;SerializedDisplays&apos;,{struct(&apos;MinYLimReal&apos;,&apos;-0.25002&apos;,&apos;MaxYLimReal&apos;,&apos;0.24984&apos;,&apos;YLabelReal&apos;,&apos;&apos;,&apos;MinYLimMag&apos;,&apos;0.00000&apos;,&apos;MaxYLimMag&apos;,&apos;0.25002&apos;,&apos;LegendVisibility&apos;,&apos;Off&apos;,&apos;XGrid&apos;,true,&apos;YGrid&apos;,true,&apos;PlotMagPhase&apos;,false,&apos;AxesColor&apos;,[0 0 0],&apos;AxesTickColor&apos;,[0.686274509803922 0.686274509803922 0.686274509803922],&apos;ColorOrder&apos;,[1 1 0.0666666666666667;0.0745098039215686 0.623529411764706 1;1 0.411764705882353 0.16078431372549;0.392156862745098 0.831372549019608 0.0745098039215686;0.717647058823529 0.274509803921569 1;0.0588235294117647 1 1;1 0.0745098039215686 0.650980392156863],&apos;Title&apos;,&apos;%&lt;SignalLabel&gt;&apos;,&apos;LinePropertiesCache&apos;,{{}},&apos;UserDefinedChannelNames&apos;,{{}},&apos;NumLines&apos;,1,&apos;LineNames&apos;,{{&apos;Vds_seperate KF Estimate&apos;}},&apos;ShowContent&apos;,true,&apos;Placement&apos;,1),struct(&apos;MinYLimReal&apos;,&apos;-0.07199&apos;,&apos;MaxYLimReal&apos;,&apos;0.47567&apos;,&apos;YLabelReal&apos;,&apos;&apos;,&apos;MinYLimMag&apos;,&apos;0.00000&apos;,&apos;MaxYLimMag&apos;,&apos;0.52348&apos;,&apos;LegendVisibility&apos;,&apos;Off&apos;,&apos;XGrid&apos;,true,&apos;YGrid&apos;,true,&apos;PlotMagPhase&apos;,false,&apos;AxesColor&apos;,[0 0 0],&apos;AxesTickColor&apos;,[0.686274509803922 0.686274509803922 0.686274509803922],&apos;ColorOrder&apos;,[1 1 0.0666666666666667;0.0745098039215686 0.623529411764706 1;1 0.411764705882353 0.16078431372549;0.392156862745098 0.831372549019608 0.0745098039215686;0.717647058823529 0.274509803921569 1;0.0588235294117647 1 1;1 0.0745098039215686 0.650980392156863],&apos;Title&apos;,&apos;%&lt;SignalLabel&gt;&apos;,&apos;LinePropertiesCache&apos;,{{}},&apos;UserDefinedChannelNames&apos;,{{}},&apos;NumLines&apos;,1,&apos;LineNames&apos;,{{&apos;Vds_single KF_Estimate&apos;}},&apos;ShowContent&apos;,true,&apos;Placement&apos;,2),struct(&apos;MinYLimReal&apos;,&apos;-0.25&apos;,&apos;MaxYLimReal&apos;,&apos;0.25&apos;,&apos;YLabelReal&apos;,&apos;&apos;,&apos;MinYLimMag&apos;,&apos;0.00000&apos;,&apos;MaxYLimMag&apos;,&apos;0.52348&apos;,&apos;LegendVisibility&apos;,&apos;Off&apos;,&apos;XGrid&apos;,true,&apos;YGrid&apos;,true,&apos;PlotMagPhase&apos;,false,&apos;AxesColor&apos;,[0 0 0],&apos;AxesTickColor&apos;,[0.686274509803922 0.686274509803922 0.686274509803922],&apos;ColorOrder&apos;,[1 1 0.0666666666666667;0.0745098039215686 0.623529411764706 1;1 0.411764705882353 0.16078431372549;0.392156862745098 0.831372549019608 0.0745098039215686;0.717647058823529 0.274509803921569 1;0.0588235294117647 1 1;1 0.0745098039215686 0.650980392156863],&apos;Title&apos;,&apos;%&lt;SignalLabel&gt;&apos;,&apos;LinePropertiesCache&apos;,{{}},&apos;UserDefinedChannelNames&apos;,{{}},&apos;NumLines&apos;,1,&apos;LineNames&apos;,{{&apos;Voltage_estimator/2&apos;}},&apos;ShowContent&apos;,true,&apos;Placement&apos;,3),struct(&apos;MinYLimReal&apos;,&apos;-0.10605&apos;,&apos;MaxYLimReal&apos;,&apos;0.50203&apos;,&apos;YLabelReal&apos;,&apos;&apos;,&apos;MinYLimMag&apos;,&apos;0.00000&apos;,&apos;MaxYLimMag&apos;,&apos;0.52348&apos;,&apos;LegendVisibility&apos;,&apos;Off&apos;,&apos;XGrid&apos;,true,&apos;YGrid&apos;,true,&apos;PlotMagPhase&apos;,false,&apos;AxesColor&apos;,[0 0 0],&apos;AxesTickColor&apos;,[0.686274509803922 0.686274509803922 0.686274509803922],&apos;ColorOrder&apos;,[1 1 0.0666666666666667;0.0745098039215686 0.623529411764706 1;1 0.411764705882353 0.16078431372549;0.392156862745098 0.831372549019608 0.0745098039215686;0.717647058823529 0.274509803921569 1;0.0588235294117647 1 1;1 0.0745098039215686 0.650980392156863],&apos;Title&apos;,&apos;%&lt;SignalLabel&gt;&apos;,&apos;LinePropertiesCache&apos;,{{}},&apos;UserDefinedChannelNames&apos;,{{}},&apos;NumLines&apos;,2,&apos;LineNames&apos;,{{&apos;Original Vds&apos;,&apos;Subsystem1/3&apos;}},&apos;ShowContent&apos;,true,&apos;Placement&apos;,4)},&apos;DisplayPropertyDefaults&apos;,struct(&apos;YLabelReal&apos;,&apos;&apos;,&apos;LegendVisibility&apos;,&apos;Off&apos;,&apos;XGrid&apos;,true,&apos;YGrid&apos;,true,&apos;PlotMagPhase&apos;,false,&apos;AxesColor&apos;,[0 0 0],&apos;AxesTickColor&apos;,[0.686274509803922 0.686274509803922 0.686274509803922],&apos;ColorOrder&apos;,[0.0745098039215686 0.623529411764706 1;1 0.411764705882353 0.16078431372549;1 1 0.0666666666666667;0.717647058823529 0.274509803921569 1;0.392156862745098 0.831372549019608 0.0745098039215686;0.0588235294117647 1 1;1 0.0745098039215686 0.650980392156863]),&apos;DisplayLayoutDimensions&apos;,[4 1]),extmgr.Configuration(&apos;Tools&apos;,&apos;Plot Navigation&apos;,true,&apos;OnceAtStop&apos;,false,&apos;PreviousZoomMode&apos;,&apos;ZoomX&apos;,&apos;PreviousAutoscale&apos;,&apos;XY&apos;),extmgr.Configuration(&apos;Tools&apos;,&apos;Measurements&apos;,true,&apos;Version&apos;,&apos;2021b&apos;,&apos;Measurements&apos;,struct(&apos;traceselector&apos;,struct(&apos;Line&apos;,1),&apos;tcursors&apos;,struct(&apos;XCoordinates&apos;,[1.59160260846682 1.61753639459714],&apos;YCoordinates&apos;,[NaN NaN],&apos;CursorChannels&apos;,[1 1],&apos;WaveformCursors&apos;,true,&apos;ShowHorizontal&apos;,false,&apos;ShowVertical&apos;,true,&apos;LockCursorSpacing&apos;,false,&apos;SnapToData&apos;,false,&apos;SettingsPanelOpen&apos;,0,&apos;MeasurementsPanelOpen&apos;,1)))),&apos;Version&apos;,&apos;2021b&apos;,&apos;Position&apos;,[1921 -319 1920 967.333333333333])</P>
    <P Name="NumInputPorts">5</P>
    <P Name="Floating">off</P>
  </Block>
  <Block BlockType="Scope" Name="Scope2" SID="248">
    <P Name="Ports">[4]</P>
    <P Name="Position">[575, 248, 605, 282]</P>
    <P Name="ZOrder">554</P>
    <P Name="ScopeSpecificationString">Simulink.scopes.TimeScopeBlockCfg(&apos;CurrentConfiguration&apos;, extmgr.ConfigurationSet(extmgr.Configuration(&apos;Core&apos;,&apos;General UI&apos;,true,&apos;FigureColor&apos;,[1 1 1]),extmgr.Configuration(&apos;Core&apos;,&apos;Source UI&apos;,true),extmgr.Configuration(&apos;Sources&apos;,&apos;WiredSimulink&apos;,true,&apos;DataLoggingVariableName&apos;,&apos;ScopeData1&apos;),extmgr.Configuration(&apos;Visuals&apos;,&apos;Time Domain&apos;,true,&apos;SerializedDisplays&apos;,{struct(&apos;MinYLimReal&apos;,&apos;-2.98841&apos;,&apos;MaxYLimReal&apos;,&apos;3.02459&apos;,&apos;YLabelReal&apos;,&apos;&apos;,&apos;MinYLimMag&apos;,&apos;0.00000&apos;,&apos;MaxYLimMag&apos;,&apos;3.02459&apos;,&apos;LegendVisibility&apos;,&apos;On&apos;,&apos;XGrid&apos;,true,&apos;YGrid&apos;,true,&apos;PlotMagPhase&apos;,false,&apos;AxesColor&apos;,[1 1 1],&apos;AxesTickColor&apos;,[0 0 0],&apos;ColorOrder&apos;,[0 0.447058823529412 0.741176470588235;0.850980392156863 0.325490196078431 0.0980392156862745;0.929411764705882 0.694117647058824 0.125490196078431;0.494117647058824 0.184313725490196 0.556862745098039;0.466666666666667 0.674509803921569 0.188235294117647;0.301960784313725 0.745098039215686 0.933333333333333;0.635294117647059 0.0784313725490196 0.184313725490196],&apos;Title&apos;,&apos;%&lt;SignalLabel&gt;&apos;,&apos;LinePropertiesCache&apos;,{{struct(&apos;Color&apos;,[0 0 0],&apos;LineStyle&apos;,&apos;-&apos;,&apos;LineWidth&apos;,0.75,&apos;Marker&apos;,&apos;none&apos;,&apos;Visible&apos;,&apos;on&apos;),struct(&apos;Visible&apos;,&apos;on&apos;),struct(&apos;Visible&apos;,&apos;on&apos;),struct(&apos;Visible&apos;,&apos;on&apos;)}},&apos;UserDefinedChannelNames&apos;,{{}},&apos;NumLines&apos;,4,&apos;LineNames&apos;,{{&apos;Rds_on_Seperate-KF Estimate&apos;,&apos;Rds_on-Single KF Estimate&apos;,&apos;Original- Rds_on&apos;,&apos;Rds_on-RGN Estimate&apos;}},&apos;ShowContent&apos;,true,&apos;Placement&apos;,1)},&apos;DisplayPropertyDefaults&apos;,struct(&apos;MinYLimReal&apos;,&apos;-2.98841&apos;,&apos;MaxYLimReal&apos;,&apos;3.02459&apos;,&apos;YLabelReal&apos;,&apos;&apos;,&apos;MinYLimMag&apos;,&apos;0.00000&apos;,&apos;MaxYLimMag&apos;,&apos;3.02459&apos;,&apos;LegendVisibility&apos;,&apos;On&apos;,&apos;XGrid&apos;,true,&apos;YGrid&apos;,true,&apos;PlotMagPhase&apos;,false,&apos;AxesColor&apos;,[1 1 1],&apos;AxesTickColor&apos;,[0 0 0],&apos;ColorOrder&apos;,[0.0745098039215686 0.623529411764706 1;1 0.411764705882353 0.16078431372549;1 1 0.0666666666666667;0.717647058823529 0.274509803921569 1;0.392156862745098 0.831372549019608 0.0745098039215686;0.0588235294117647 1 1;1 0.0745098039215686 0.650980392156863])),extmgr.Configuration(&apos;Tools&apos;,&apos;Plot Navigation&apos;,true,&apos;OnceAtStop&apos;,false,&apos;PreviousAutoscale&apos;,&apos;XY&apos;),extmgr.Configuration(&apos;Tools&apos;,&apos;Measurements&apos;,true,&apos;Version&apos;,&apos;2021b&apos;)),&apos;Version&apos;,&apos;2021b&apos;,&apos;Position&apos;,[1 41 1280 607.333333333333])</P>
    <P Name="NumInputPorts">4</P>
    <P Name="Floating">off</P>
  </Block>
  <Block BlockType="Scope" Name="Scope3" SID="278">
    <P Name="Ports">[4]</P>
    <P Name="Position">[345, 173, 375, 207]</P>
    <P Name="ZOrder">558</P>
    <P Name="ScopeSpecificationString">Simulink.scopes.TimeScopeBlockCfg(&apos;CurrentConfiguration&apos;, extmgr.ConfigurationSet(extmgr.Configuration(&apos;Core&apos;,&apos;General UI&apos;,true,&apos;FigureColor&apos;,[1 1 1]),extmgr.Configuration(&apos;Core&apos;,&apos;Source UI&apos;,true),extmgr.Configuration(&apos;Sources&apos;,&apos;WiredSimulink&apos;,true,&apos;DataLoggingVariableName&apos;,&apos;ScopeData2&apos;),extmgr.Configuration(&apos;Visuals&apos;,&apos;Time Domain&apos;,true,&apos;SerializedDisplays&apos;,{struct(&apos;MinYLimReal&apos;,&apos;-63.32898&apos;,&apos;MaxYLimReal&apos;,&apos;63.16448&apos;,&apos;YLabelReal&apos;,&apos;&apos;,&apos;MinYLimMag&apos;,&apos;0.00000&apos;,&apos;MaxYLimMag&apos;,&apos;63.32898&apos;,&apos;LegendVisibility&apos;,&apos;off&apos;,&apos;XGrid&apos;,true,&apos;YGrid&apos;,true,&apos;PlotMagPhase&apos;,false,&apos;AxesColor&apos;,[1 1 1],&apos;AxesTickColor&apos;,[0 0 0],&apos;ColorOrder&apos;,[0 0.447058823529412 0.741176470588235;0.850980392156863 0.325490196078431 0.0980392156862745;0.929411764705882 0.694117647058824 0.125490196078431;0.494117647058824 0.184313725490196 0.556862745098039;0.466666666666667 0.674509803921569 0.188235294117647;0.301960784313725 0.745098039215686 0.933333333333333;0.635294117647059 0.0784313725490196 0.184313725490196],&apos;Title&apos;,&apos;%&lt;SignalLabel&gt;&apos;,&apos;LinePropertiesCache&apos;,{{struct(&apos;Color&apos;,[0 0.447058823529412 0.741176470588235],&apos;LineStyle&apos;,&apos;-&apos;,&apos;LineWidth&apos;,0.75,&apos;Marker&apos;,&apos;none&apos;,&apos;Visible&apos;,&apos;on&apos;),struct(&apos;Color&apos;,[0 1 0],&apos;LineStyle&apos;,&apos;-&apos;,&apos;LineWidth&apos;,0.75,&apos;Marker&apos;,&apos;none&apos;,&apos;Visible&apos;,&apos;on&apos;),struct(&apos;Color&apos;,[0 0 0],&apos;LineStyle&apos;,&apos;-&apos;,&apos;LineWidth&apos;,0.75,&apos;Marker&apos;,&apos;none&apos;,&apos;Visible&apos;,&apos;on&apos;),struct(&apos;Color&apos;,[1 0 0],&apos;LineStyle&apos;,&apos;-&apos;,&apos;LineWidth&apos;,0.75,&apos;Marker&apos;,&apos;none&apos;,&apos;Visible&apos;,&apos;on&apos;)}},&apos;UserDefinedChannelNames&apos;,{{}},&apos;NumLines&apos;,4,&apos;LineNames&apos;,{{&apos;Id-single KF Estimate&apos;,&apos;Id_RGN Estimate&apos;,&apos;Id- single KF Estimate&apos;,&apos;Original Id&apos;}},&apos;ShowContent&apos;,true,&apos;Placement&apos;,1)},&apos;DisplayPropertyDefaults&apos;,struct(&apos;MinYLimReal&apos;,&apos;-63.32898&apos;,&apos;MaxYLimReal&apos;,&apos;63.16448&apos;,&apos;YLabelReal&apos;,&apos;&apos;,&apos;MinYLimMag&apos;,&apos;0.00000&apos;,&apos;MaxYLimMag&apos;,&apos;63.32898&apos;,&apos;LegendVisibility&apos;,&apos;off&apos;,&apos;XGrid&apos;,true,&apos;YGrid&apos;,true,&apos;PlotMagPhase&apos;,false,&apos;AxesColor&apos;,[1 1 1],&apos;AxesTickColor&apos;,[0 0 0],&apos;ColorOrder&apos;,[0.0745098039215686 0.623529411764706 1;1 0.411764705882353 0.16078431372549;1 1 0.0666666666666667;0.717647058823529 0.274509803921569 1;0.392156862745098 0.831372549019608 0.0745098039215686;0.0588235294117647 1 1;1 0.0745098039215686 0.650980392156863])),extmgr.Configuration(&apos;Tools&apos;,&apos;Plot Navigation&apos;,true,&apos;OnceAtStop&apos;,false,&apos;PreviousAutoscale&apos;,&apos;XY&apos;),extmgr.Configuration(&apos;Tools&apos;,&apos;Measurements&apos;,true,&apos;Version&apos;,&apos;2021b&apos;)),&apos;Version&apos;,&apos;2021b&apos;,&apos;Position&apos;,[1 41 1280 607.333333333333])</P>
    <P Name="NumInputPorts">4</P>
    <P Name="Floating">off</P>
  </Block>
  <Block BlockType="Scope" Name="Scope4" SID="189">
    <P Name="Ports">[4]</P>
    <P Name="Position">[955, 452, 1000, 523]</P>
    <P Name="ZOrder">551</P>
    <P Name="ScopeSpecificationString">Simulink.scopes.TimeScopeBlockCfg(&apos;CurrentConfiguration&apos;, extmgr.ConfigurationSet(extmgr.Configuration(&apos;Core&apos;,&apos;General UI&apos;,true,&apos;FigureColor&apos;,[1 1 1]),extmgr.Configuration(&apos;Core&apos;,&apos;Source UI&apos;,true),extmgr.Configuration(&apos;Sources&apos;,&apos;WiredSimulink&apos;,true,&apos;DataLoggingVariableName&apos;,&apos;ScopeData4&apos;),extmgr.Configuration(&apos;Visuals&apos;,&apos;Time Domain&apos;,true,&apos;SerializedDisplays&apos;,{struct(&apos;MinYLimReal&apos;,&apos;-142.81024&apos;,&apos;MaxYLimReal&apos;,&apos;948.89011&apos;,&apos;YLabelReal&apos;,&apos;&apos;,&apos;MinYLimMag&apos;,&apos; 0.00000&apos;,&apos;MaxYLimMag&apos;,&apos;948.89011&apos;,&apos;LegendVisibility&apos;,&apos;On&apos;,&apos;XGrid&apos;,true,&apos;YGrid&apos;,true,&apos;PlotMagPhase&apos;,false,&apos;AxesColor&apos;,[1 1 1],&apos;AxesTickColor&apos;,[0 0 0],&apos;ColorOrder&apos;,[0 0.447058823529412 0.741176470588235;0.850980392156863 0.325490196078431 0.0980392156862745;0.929411764705882 0.694117647058824 0.125490196078431;0.494117647058824 0.184313725490196 0.556862745098039;0.466666666666667 0.674509803921569 0.188235294117647;0.301960784313725 0.745098039215686 0.933333333333333;0.635294117647059 0.0784313725490196 0.184313725490196],&apos;Title&apos;,&apos;%&lt;SignalLabel&gt;&apos;,&apos;LinePropertiesCache&apos;,{{struct(&apos;Color&apos;,[0 0 1],&apos;LineStyle&apos;,&apos;-&apos;,&apos;LineWidth&apos;,0.75,&apos;Marker&apos;,&apos;none&apos;,&apos;Visible&apos;,&apos;on&apos;),struct(&apos;Color&apos;,[0 0 0],&apos;LineStyle&apos;,&apos;-&apos;,&apos;LineWidth&apos;,0.75,&apos;Marker&apos;,&apos;none&apos;,&apos;Visible&apos;,&apos;on&apos;),struct(&apos;Color&apos;,[0 1 0],&apos;LineStyle&apos;,&apos;-&apos;,&apos;LineWidth&apos;,0.75,&apos;Marker&apos;,&apos;none&apos;,&apos;Visible&apos;,&apos;on&apos;),struct(&apos;Color&apos;,[1 0 0],&apos;LineStyle&apos;,&apos;-&apos;,&apos;LineWidth&apos;,0.75,&apos;Marker&apos;,&apos;none&apos;,&apos;Visible&apos;,&apos;on&apos;)}},&apos;UserDefinedChannelNames&apos;,{{}},&apos;NumLines&apos;,4,&apos;LineNames&apos;,{{&apos;Single&apos;,&apos;Seperate&apos;,&apos;RGN&apos;,&apos;Subsystem1/7&apos;}},&apos;ShowContent&apos;,true,&apos;Placement&apos;,1)},&apos;DisplayPropertyDefaults&apos;,struct(&apos;MinYLimReal&apos;,&apos;-142.81024&apos;,&apos;MaxYLimReal&apos;,&apos;948.89011&apos;,&apos;YLabelReal&apos;,&apos;&apos;,&apos;MinYLimMag&apos;,&apos; 0.00000&apos;,&apos;MaxYLimMag&apos;,&apos;948.89011&apos;,&apos;LegendVisibility&apos;,&apos;On&apos;,&apos;XGrid&apos;,true,&apos;YGrid&apos;,true,&apos;PlotMagPhase&apos;,false,&apos;AxesColor&apos;,[1 1 1],&apos;AxesTickColor&apos;,[0 0 0],&apos;ColorOrder&apos;,[0.0745098039215686 0.623529411764706 1;1 0.411764705882353 0.16078431372549;1 1 0.0666666666666667;0.717647058823529 0.274509803921569 1;0.392156862745098 0.831372549019608 0.0745098039215686;0.0588235294117647 1 1;1 0.0745098039215686 0.650980392156863])),extmgr.Configuration(&apos;Tools&apos;,&apos;Plot Navigation&apos;,true,&apos;OnceAtStop&apos;,false,&apos;PreviousAutoscale&apos;,&apos;XY&apos;),extmgr.Configuration(&apos;Tools&apos;,&apos;Measurements&apos;,true,&apos;Version&apos;,&apos;2021b&apos;)),&apos;Version&apos;,&apos;2021b&apos;,&apos;Position&apos;,[1 1 1278.66666666667 554.666666666667],&apos;WindowStyle&apos;,&apos;docked&apos;,&apos;VisibleAtModelOpen&apos;,&apos;on&apos;)</P>
    <P Name="NumInputPorts">4</P>
    <P Name="Floating">off</P>
  </Block>
  <Block BlockType="Scope" Name="Scope5" SID="380">
    <P Name="Ports">[4]</P>
    <P Name="Position">[285, 67, 315, 103]</P>
    <P Name="ZOrder">559</P>
    <P Name="ScopeSpecificationString">Simulink.scopes.TimeScopeBlockCfg(&apos;CurrentConfiguration&apos;, extmgr.ConfigurationSet(extmgr.Configuration(&apos;Core&apos;,&apos;General UI&apos;,true,&apos;FigureColor&apos;,[1 1 1]),extmgr.Configuration(&apos;Core&apos;,&apos;Source UI&apos;,true),extmgr.Configuration(&apos;Sources&apos;,&apos;WiredSimulink&apos;,true,&apos;DataLoggingVariableName&apos;,&apos;ScopeData1&apos;),extmgr.Configuration(&apos;Visuals&apos;,&apos;Time Domain&apos;,true,&apos;SerializedDisplays&apos;,{struct(&apos;MinYLimReal&apos;,&apos;-148.71492&apos;,&apos;MaxYLimReal&apos;,&apos;151.15104&apos;,&apos;YLabelReal&apos;,&apos;&apos;,&apos;MinYLimMag&apos;,&apos; 0.00000&apos;,&apos;MaxYLimMag&apos;,&apos;151.15104&apos;,&apos;LegendVisibility&apos;,&apos;Off&apos;,&apos;XGrid&apos;,true,&apos;YGrid&apos;,true,&apos;PlotMagPhase&apos;,false,&apos;AxesColor&apos;,[1 1 1],&apos;AxesTickColor&apos;,[0 0 0],&apos;ColorOrder&apos;,[0 0.447058823529412 0.741176470588235;0.850980392156863 0.325490196078431 0.0980392156862745;0.929411764705882 0.694117647058824 0.125490196078431;0.494117647058824 0.184313725490196 0.556862745098039;0.466666666666667 0.674509803921569 0.188235294117647;0.301960784313725 0.745098039215686 0.933333333333333;0.635294117647059 0.0784313725490196 0.184313725490196],&apos;Title&apos;,&apos;%&lt;SignalLabel&gt;&apos;,&apos;LinePropertiesCache&apos;,{{struct(&apos;Color&apos;,[1 0 0],&apos;LineStyle&apos;,&apos;-&apos;,&apos;LineWidth&apos;,0.75,&apos;Marker&apos;,&apos;none&apos;,&apos;Visible&apos;,&apos;on&apos;),struct(&apos;Color&apos;,[0 0 0],&apos;LineStyle&apos;,&apos;-&apos;,&apos;LineWidth&apos;,0.75,&apos;Marker&apos;,&apos;none&apos;,&apos;Visible&apos;,&apos;on&apos;),struct(&apos;Color&apos;,[0 0 1],&apos;LineStyle&apos;,&apos;-&apos;,&apos;LineWidth&apos;,0.75,&apos;Marker&apos;,&apos;none&apos;,&apos;Visible&apos;,&apos;on&apos;),struct(&apos;Color&apos;,[0 1 0],&apos;LineStyle&apos;,&apos;-&apos;,&apos;LineWidth&apos;,0.75,&apos;Marker&apos;,&apos;none&apos;,&apos;Visible&apos;,&apos;on&apos;)}},&apos;UserDefinedChannelNames&apos;,{{}},&apos;NumLines&apos;,4,&apos;LineNames&apos;,{{&apos;Original Vds&apos;,&apos;Vds_seperate KF Estimate&apos;,&apos;Vds_single KF_Estimate&apos;,&apos;Vds_RGN Estimate&apos;}},&apos;ShowContent&apos;,true,&apos;Placement&apos;,1)},&apos;DisplayPropertyDefaults&apos;,struct(&apos;MinYLimReal&apos;,&apos;-148.71492&apos;,&apos;MaxYLimReal&apos;,&apos;151.15104&apos;,&apos;YLabelReal&apos;,&apos;&apos;,&apos;MinYLimMag&apos;,&apos; 0.00000&apos;,&apos;MaxYLimMag&apos;,&apos;151.15104&apos;,&apos;LegendVisibility&apos;,&apos;Off&apos;,&apos;XGrid&apos;,true,&apos;YGrid&apos;,true,&apos;PlotMagPhase&apos;,false,&apos;AxesColor&apos;,[1 1 1],&apos;AxesTickColor&apos;,[0 0 0],&apos;ColorOrder&apos;,[0.0745098039215686 0.623529411764706 1;1 0.411764705882353 0.16078431372549;1 1 0.0666666666666667;0.717647058823529 0.274509803921569 1;0.392156862745098 0.831372549019608 0.0745098039215686;0.0588235294117647 1 1;1 0.0745098039215686 0.650980392156863])),extmgr.Configuration(&apos;Tools&apos;,&apos;Plot Navigation&apos;,true,&apos;OnceAtStop&apos;,false,&apos;PreviousAutoscale&apos;,&apos;XY&apos;),extmgr.Configuration(&apos;Tools&apos;,&apos;Measurements&apos;,true,&apos;Version&apos;,&apos;2021b&apos;)),&apos;Version&apos;,&apos;2021b&apos;,&apos;Position&apos;,[1 41 1280 607.333333333333])</P>
    <P Name="NumInputPorts">4</P>
    <P Name="Floating">off</P>
  </Block>
  <Block BlockType="SubSystem" Name="Subsystem" SID="253">
    <P Name="Ports">[3, 6]</P>
    <P Name="Position">[-330, 151, -175, 219]</P>
    <P Name="ZOrder">557</P>
    <P Name="RequestExecContextInheritance">off</P>
    <P Name="ContentPreviewEnabled">on</P>
    <Port>
      <P Name="PortNumber">1</P>
      <P Name="Name">Rds_on-RGN Estimate</P>
      <P Name="PropagatedSignals">Parameters</P>
    </Port>
    <Port>
      <P Name="PortNumber">2</P>
      <P Name="Name">Id_RGN Estimate</P>
      <P Name="PropagatedSignals">gaus_estimate</P>
    </Port>
    <Port>
      <P Name="PortNumber">3</P>
      <P Name="Name">Vds_RGN Estimate</P>
      <P Name="PropagatedSignals">gaus_estimate</P>
    </Port>
    <Port>
      <P Name="PortNumber">4</P>
      <P Name="Name">Id-single KF Estimate</P>
    </Port>
    <Port>
      <P Name="PortNumber">5</P>
      <P Name="Name">Rds_on-Single KF Estimate</P>
      <P Name="PropagatedSignals">Parameters</P>
    </Port>
    <Port>
      <P Name="PortNumber">6</P>
      <P Name="Name">Vds_single KF_Estimate</P>
    </Port>
    <System Ref="system_253"/>
  </Block>
  <Block BlockType="SubSystem" Name="Subsystem1" SID="76">
    <P Name="Ports">[0, 7]</P>
    <P Name="Position">[-590, 251, -450, 369]</P>
    <P Name="ZOrder">61</P>
    <P Name="RequestExecContextInheritance">off</P>
    <P Name="ContentPreviewEnabled">on</P>
    <Port>
      <P Name="PortNumber">1</P>
      <P Name="Name">Original- Rds_on</P>
      <P Name="PropagatedSignals">Rds_on</P>
    </Port>
    <Port>
      <P Name="PortNumber">5</P>
      <P Name="Name">Original Id</P>
    </Port>
    <Port>
      <P Name="PortNumber">6</P>
      <P Name="Name">Original Vds</P>
    </Port>
    <System Ref="system_76"/>
  </Block>
  <Block BlockType="SubSystem" Name="Subsystem2" SID="392">
    <P Name="Ports">[6, 3]</P>
    <P Name="Position">[575, 408, 745, 522]</P>
    <P Name="ZOrder">561</P>
    <P Name="RequestExecContextInheritance">off</P>
    <P Name="ContentPreviewEnabled">on</P>
    <Port>
      <P Name="PortNumber">1</P>
      <P Name="Name">Single</P>
      <P Name="PropagatedSignals">Tj</P>
    </Port>
    <Port>
      <P Name="PortNumber">2</P>
      <P Name="Name">Seperate</P>
      <P Name="PropagatedSignals">Tj</P>
    </Port>
    <Port>
      <P Name="PortNumber">3</P>
      <P Name="Name">RGN</P>
      <P Name="PropagatedSignals">Tj</P>
    </Port>
    <System Ref="system_392"/>
  </Block>
  <Block BlockType="ToWorkspace" Name="To Workspace5" SID="422">
    <P Name="Ports">[1]</P>
    <P Name="Position">[535, 575, 630, 615]</P>
    <P Name="ZOrder">600</P>
    <P Name="VariableName">Rds_KF_Seperate</P>
    <P Name="MaxDataPoints">inf</P>
    <P Name="SaveFormat">Timeseries</P>
    <P Name="SampleTime">-1</P>
  </Block>
  <Block BlockType="SubSystem" Name="Voltage_estimator" SID="140">
    <P Name="Ports">[2, 2]</P>
    <P Name="Position">[-35, 469, 65, 511]</P>
    <P Name="ZOrder">63</P>
    <P Name="RequestExecContextInheritance">off</P>
    <P Name="ContentPreviewEnabled">on</P>
    <Port>
      <P Name="PortNumber">1</P>
      <P Name="Name">Vds_seperate KF Estimate</P>
    </Port>
    <System Ref="system_140"/>
  </Block>
  <Line>
    <P Name="ZOrder">211</P>
    <P Name="Src">76#out:2</P>
    <P Name="Points">[53, 0; 0, 135; 126, 0]</P>
    <Branch>
      <P Name="ZOrder">555</P>
      <P Name="Points">[201, 0]</P>
      <Branch>
        <P Name="ZOrder">338</P>
        <P Name="Points">[0, -29; 285, 0; 0, 209]</P>
        <P Name="Dst">116#in:5</P>
      </Branch>
      <Branch>
        <P Name="ZOrder">337</P>
        <P Name="Dst">28#in:1</P>
      </Branch>
    </Branch>
    <Branch>
      <P Name="ZOrder">401</P>
      <P Name="Points">[0, -97; -88, 0; 0, -153]</P>
      <P Name="Dst">253#in:1</P>
    </Branch>
  </Line>
  <Line>
    <P Name="Name">Id- single KF Estimate</P>
    <P Name="ZOrder">220</P>
    <P Name="Src">28#out:1</P>
    <P Name="Points">[50, 0]</P>
    <Branch>
      <P Name="ZOrder">566</P>
      <P Name="Points">[0, -25; 326, 0; 0, 65]</P>
      <P Name="Dst">392#in:3</P>
    </Branch>
    <Branch>
      <P Name="ZOrder">565</P>
      <P Name="Points">[55, 0]</P>
      <Branch>
        <P Name="ZOrder">529</P>
        <P Name="Labels">[1, 1]</P>
        <P Name="Points">[0, -220]</P>
        <P Name="Dst">278#in:3</P>
      </Branch>
      <Branch>
        <P Name="ZOrder">528</P>
        <P Name="Points">[0, 20]</P>
        <Branch>
          <P Name="ZOrder">327</P>
          <P Name="Points">[0, 100]</P>
          <P Name="Dst">116#in:1</P>
        </Branch>
        <Branch>
          <P Name="ZOrder">326</P>
          <P Name="Dst">188#in:1</P>
        </Branch>
      </Branch>
    </Branch>
  </Line>
  <Line>
    <P Name="ZOrder">214</P>
    <P Name="Src">76#out:4</P>
    <P Name="Points">[311, 0; 0, 125]</P>
    <Branch>
      <P Name="ZOrder">232</P>
      <P Name="Dst">28#in:2</P>
    </Branch>
    <Branch>
      <P Name="ZOrder">403</P>
      <P Name="Points">[-230, 0; 0, -250]</P>
      <P Name="Dst">253#in:2</P>
    </Branch>
    <Branch>
      <P Name="ZOrder">554</P>
      <P Name="Points">[0, 65]</P>
      <P Name="Dst">140#in:2</P>
    </Branch>
  </Line>
  <Line>
    <P Name="ZOrder">234</P>
    <P Name="Src">76#out:3</P>
    <P Name="Points">[228, 0; 0, 176]</P>
    <Branch>
      <P Name="ZOrder">550</P>
      <P Name="Points">[124, 0; 0, 5; 13, 0; 0, 4]</P>
      <Branch>
        <P Name="ZOrder">376</P>
        <P Name="Dst">140#in:1</P>
      </Branch>
      <Branch>
        <P Name="ZOrder">340</P>
        <P Name="Points">[0, 210]</P>
        <P Name="Dst">193#in:5</P>
      </Branch>
    </Branch>
    <Branch>
      <P Name="ZOrder">407</P>
      <P Name="Points">[-156, 0; 0, -266]</P>
      <P Name="Dst">253#in:3</P>
    </Branch>
  </Line>
  <Line>
    <P Name="Name">Vds_seperate KF Estimate</P>
    <P Name="ZOrder">242</P>
    <P Name="Src">140#out:1</P>
    <P Name="Points">[18, 0]</P>
    <Branch>
      <P Name="ZOrder">544</P>
      <P Name="Points">[24, 0]</P>
      <Branch>
        <P Name="ZOrder">493</P>
        <P Name="Points">[0, -5]</P>
        <P Name="Dst">188#in:2</P>
      </Branch>
      <Branch>
        <P Name="ZOrder">333</P>
        <P Name="Points">[0, 150]</P>
        <P Name="Dst">193#in:1</P>
      </Branch>
    </Branch>
    <Branch>
      <P Name="ZOrder">522</P>
      <P Name="Labels">[2, 1]</P>
      <P Name="Points">[0, -400]</P>
      <P Name="Dst">380#in:2</P>
    </Branch>
  </Line>
  <Line>
    <P Name="ZOrder">328</P>
    <P Name="Src">28#out:2</P>
    <P Name="Points">[74, 0; 0, 130]</P>
    <P Name="Dst">116#in:3</P>
  </Line>
  <Line>
    <P Name="Name">Original Id</P>
    <P Name="ZOrder">329</P>
    <P Name="Src">76#out:5</P>
    <P Name="Points">[111, 0; 0, 37]</P>
    <Branch>
      <P Name="ZOrder">553</P>
      <P Name="Points">[0, 103; 2, 0; 0, 115]</P>
      <P Name="Dst">116#in:4</P>
    </Branch>
    <Branch>
      <P Name="ZOrder">533</P>
      <P Name="Labels">[1, 1]</P>
      <P Name="Points">[629, 0; 0, -157]</P>
      <P Name="Dst">278#in:4</P>
    </Branch>
  </Line>
  <Line>
    <P Name="ZOrder">334</P>
    <P Name="Src">140#out:2</P>
    <P Name="Points">[19, 0; 0, 160]</P>
    <P Name="Dst">193#in:3</P>
  </Line>
  <Line>
    <P Name="Name">Original Vds</P>
    <P Name="ZOrder">336</P>
    <P Name="Src">76#out:6</P>
    <P Name="Points">[145, 0]</P>
    <Branch>
      <P Name="ZOrder">552</P>
      <P Name="Points">[0, 335]</P>
      <P Name="Dst">193#in:4</P>
    </Branch>
    <Branch>
      <P Name="ZOrder">535</P>
      <P Name="Labels">[2, 1]</P>
      <P Name="Points">[0, -270]</P>
      <P Name="Dst">380#in:1</P>
    </Branch>
  </Line>
  <Line>
    <P Name="Name">Rds_on_Seperate-KF Estimate</P>
    <P Name="ZOrder">375</P>
    <P Name="Src">188#out:1</P>
    <P Name="Points">[5, 0]</P>
    <Branch>
      <P Name="ZOrder">564</P>
      <P Name="Labels">[2, 1]</P>
      <P Name="Points">[0, -205]</P>
      <P Name="Dst">248#in:1</P>
    </Branch>
    <Branch>
      <P Name="ZOrder">563</P>
      <P Name="Points">[0, 20; 31, 0]</P>
      <Branch>
        <P Name="ZOrder">579</P>
        <P Name="Points">[0, 120]</P>
        <P Name="Dst">422#in:1</P>
      </Branch>
      <Branch>
        <P Name="ZOrder">578</P>
        <P Name="Dst">392#in:4</P>
      </Branch>
    </Branch>
  </Line>
  <Line>
    <P Name="ZOrder">377</P>
    <P Name="Src">76#out:7</P>
    <P Name="Points">[1357, 0; 0, 155]</P>
    <P Name="Dst">189#in:4</P>
  </Line>
  <Line>
    <P Name="Name">Original- Rds_on</P>
    <P Name="ZOrder">395</P>
    <P Name="Labels">[3, 1]</P>
    <P Name="Src">76#out:1</P>
    <P Name="Points">[262, 0; 0, 5]</P>
    <P Name="Dst">248#in:3</P>
  </Line>
  <Line>
    <P Name="Name">Rds_on-RGN Estimate</P>
    <P Name="ZOrder">490</P>
    <P Name="Src">253#out:1</P>
    <P Name="Points">[68, 0; 0, 20]</P>
    <Branch>
      <P Name="ZOrder">551</P>
      <P Name="Points">[-10, 0; 0, 139; 598, 0; 0, 196]</P>
      <P Name="Dst">392#in:6</P>
    </Branch>
    <Branch>
      <P Name="ZOrder">546</P>
      <P Name="Labels">[2, 1]</P>
      <P Name="Points">[0, 100]</P>
      <P Name="Dst">248#in:4</P>
    </Branch>
  </Line>
  <Line>
    <P Name="Name">Rds_on-Single KF Estimate</P>
    <P Name="ZOrder">513</P>
    <P Name="Src">253#out:5</P>
    <P Name="Points">[26, 0]</P>
    <Branch>
      <P Name="ZOrder">572</P>
      <P Name="Labels">[1, 1]</P>
      <P Name="Points">[565, 0; 0, 235]</P>
      <P Name="Dst">392#in:2</P>
    </Branch>
    <Branch>
      <P Name="ZOrder">571</P>
      <P Name="Labels">[2, 1]</P>
      <P Name="Points">[0, 60]</P>
      <P Name="Dst">248#in:2</P>
    </Branch>
  </Line>
  <Line>
    <P Name="Name">Id-single KF Estimate</P>
    <P Name="ZOrder">514</P>
    <P Name="Labels">[3, 1]</P>
    <P Name="Src">253#out:4</P>
    <P Name="Points">[18, 0; 0, 22; 135, 0]</P>
    <Branch>
      <P Name="ZOrder">568</P>
      <P Name="Points">[548, 0; 0, 203]</P>
      <P Name="Dst">392#in:1</P>
    </Branch>
    <Branch>
      <P Name="ZOrder">567</P>
      <P Name="Points">[0, -37]</P>
      <P Name="Dst">278#in:1</P>
    </Branch>
  </Line>
  <Line>
    <P Name="Name">Id_RGN Estimate</P>
    <P Name="ZOrder">515</P>
    <P Name="Labels">[1, 1]</P>
    <P Name="Src">253#out:2</P>
    <P Name="Points">[325, 0; 0, 15]</P>
    <Branch>
      <P Name="ZOrder">561</P>
      <P Name="Dst">278#in:2</P>
    </Branch>
    <Branch>
      <P Name="ZOrder">560</P>
      <P Name="Points">[0, 310]</P>
      <P Name="Dst">392#in:5</P>
    </Branch>
  </Line>
  <Line>
    <P Name="Name">Vds_single KF_Estimate</P>
    <P Name="ZOrder">520</P>
    <P Name="Src">253#out:6</P>
    <P Name="Points">[6, 0; 0, 20; 75, 0]</P>
    <Branch>
      <P Name="ZOrder">545</P>
      <P Name="Points">[163, 0; 0, 70; 31, 0; 0, 345]</P>
      <P Name="Dst">193#in:2</P>
    </Branch>
    <Branch>
      <P Name="ZOrder">525</P>
      <P Name="Labels">[2, 1]</P>
      <P Name="Points">[0, -140]</P>
      <P Name="Dst">380#in:3</P>
    </Branch>
  </Line>
  <Line>
    <P Name="Name">Vds_RGN Estimate</P>
    <P Name="ZOrder">538</P>
    <P Name="Labels">[3, 1]</P>
    <P Name="Src">253#out:3</P>
    <P Name="Points">[15, 0; 0, -80]</P>
    <P Name="Dst">380#in:4</P>
  </Line>
  <Line>
    <P Name="Name">Single</P>
    <P Name="ZOrder">574</P>
    <P Name="Labels">[1, 1]</P>
    <P Name="Src">392#out:1</P>
    <P Name="Points">[119, 0; 0, 35]</P>
    <P Name="Dst">189#in:1</P>
  </Line>
  <Line>
    <P Name="Name">Seperate</P>
    <P Name="ZOrder">575</P>
    <P Name="Labels">[3, 1]</P>
    <P Name="Src">392#out:2</P>
    <P Name="Points">[71, 0; 0, 15]</P>
    <P Name="Dst">189#in:2</P>
  </Line>
  <Line>
    <P Name="Name">RGN</P>
    <P Name="ZOrder">576</P>
    <P Name="Labels">[1, 1]</P>
    <P Name="Src">392#out:3</P>
    <P Name="Points">[95, 0; 0, -5]</P>
    <P Name="Dst">189#in:3</P>
  </Line>
</System>
