<?xml version="1.0" encoding="utf-8"?>
<System>
  <P Name="Location">[1913, -7, 3848, 1048]</P>
  <P Name="SystemRect">[0.000000, 0.000000, 0.000000, 0.000000]</P>
  <P Name="SetExecutionDomain">off</P>
  <P Name="ExecutionDomainType">Deduce</P>
  <P Name="ZoomFactor">106</P>
  <P Name="SimulinkSubDomain">Simulink</P>
  <Block BlockType="Inport" Name="y" SID="281">
    <P Name="Position">[25, -27, 55, -13]</P>
    <P Name="ZOrder">-1</P>
  </Block>
  <Block BlockType="Delay" Name="Delay2" SID="282">
    <P Name="Ports">[1, 1]</P>
    <P Name="Position">[275, -107, 310, -73]</P>
    <P Name="ZOrder">62</P>
    <P Name="BlockMirror">on</P>
    <P Name="NameLocation">top</P>
    <P Name="InputPortMap">u0</P>
    <P Name="DelayLength">1</P>
    <P Name="InitialCondition">0</P>
  </Block>
  <Block BlockType="Delay" Name="Delay3" SID="283">
    <P Name="Ports">[1, 1]</P>
    <P Name="Position">[260, 38, 295, 72]</P>
    <P Name="ZOrder">63</P>
    <P Name="BlockMirror">on</P>
    <P Name="NameLocation">top</P>
    <P Name="InputPortMap">u0</P>
    <P Name="DelayLength">1</P>
    <P Name="InitialCondition">0</P>
  </Block>
  <Block BlockType="SubSystem" Name="MATLAB Function" SID="284">
    <P Name="Ports">[3, 2]</P>
    <P Name="Position">[245, -54, 335, 14]</P>
    <P Name="ZOrder">61</P>
    <P Name="ErrorFcn">Stateflow.Translate.translate</P>
    <P Name="PermitHierarchicalResolution">ExplicitOnly</P>
    <P Name="TreatAsAtomicUnit">on</P>
    <P Name="RequestExecContextInheritance">off</P>
    <P Name="SFBlockType">MATLAB Function</P>
    <P Name="ContentPreviewEnabled">on</P>
    <System Ref="system_284"/>
  </Block>
  <Block BlockType="Outport" Name="offset_estimate" SID="285">
    <P Name="Position">[480, -42, 510, -28]</P>
    <P Name="ZOrder">-2</P>
    <P Name="VectorParamsAs1DForOutWhenUnconnected">off</P>
  </Block>
  <Line>
    <P Name="ZOrder">1</P>
    <P Name="Src">284#out:2</P>
    <P Name="Points">[9, 0; 0, 55]</P>
    <P Name="Dst">283#in:1</P>
  </Line>
  <Line>
    <P Name="ZOrder">2</P>
    <P Name="Src">282#out:1</P>
    <P Name="Points">[-40, 0]</P>
    <P Name="Dst">284#in:1</P>
  </Line>
  <Line>
    <P Name="ZOrder">3</P>
    <P Name="Src">283#out:1</P>
    <P Name="Points">[-25, 0]</P>
    <P Name="Dst">284#in:3</P>
  </Line>
  <Line>
    <P Name="ZOrder">4</P>
    <P Name="Src">284#out:1</P>
    <P Name="Points">[42, 0]</P>
    <Branch>
      <P Name="ZOrder">5</P>
      <P Name="Dst">285#in:1</P>
    </Branch>
    <Branch>
      <P Name="ZOrder">6</P>
      <P Name="Points">[0, -55]</P>
      <P Name="Dst">282#in:1</P>
    </Branch>
  </Line>
  <Line>
    <P Name="ZOrder">7</P>
    <P Name="Src">281#out:1</P>
    <P Name="Dst">284#in:2</P>
  </Line>
</System>
