<?xml version="1.0" encoding="utf-8"?>
<System>
  <P Name="Location">[223, 338, 826, 833]</P>
  <P Name="SystemRect">[0.000000, 0.000000, 0.000000, 0.000000]</P>
  <P Name="SetExecutionDomain">off</P>
  <P Name="ExecutionDomainType">Deduce</P>
  <P Name="SIDHighWatermark">111</P>
  <P Name="SimulinkSubDomain">Simulink</P>
  <Block BlockType="Inport" Name="w0" SID="114::103">
    <P Name="Position">[20, 101, 40, 119]</P>
    <P Name="ZOrder">94</P>
  </Block>
  <Block BlockType="Inport" Name="Ts" SID="114::108">
    <P Name="Position">[20, 136, 40, 154]</P>
    <P Name="ZOrder">99</P>
    <P Name="Port">2</P>
  </Block>
  <Block BlockType="Demux" Name=" Demux " SID="114::110">
    <P Name="Ports">[1, 1]</P>
    <P Name="Position">[270, 230, 320, 270]</P>
    <P Name="ZOrder">101</P>
    <P Name="Outputs">1</P>
  </Block>
  <Block BlockType="S-Function" Name=" SFunction " SID="114::109">
    <P Name="Tag">Stateflow S-Function 1</P>
    <P Name="Ports">[2, 2]</P>
    <P Name="Position">[180, 100, 230, 160]</P>
    <P Name="ZOrder">100</P>
    <P Name="FunctionName">sf_sfun</P>
    <P Name="PortCounts">[2 2]</P>
    <P Name="SFunctionDeploymentMode">off</P>
    <P Name="EnableBusSupport">on</P>
    <P Name="SFcnIsStateOwnerBlock">off</P>
    <Port>
      <P Name="PortNumber">2</P>
      <P Name="Name">Ad</P>
    </Port>
  </Block>
  <Block BlockType="Terminator" Name=" Terminator " SID="114::111">
    <P Name="Position">[460, 241, 480, 259]</P>
    <P Name="ZOrder">102</P>
  </Block>
  <Block BlockType="Outport" Name="Ad" SID="114::5">
    <P Name="Position">[460, 101, 480, 119]</P>
    <P Name="ZOrder">-5</P>
    <P Name="VectorParamsAs1DForOutWhenUnconnected">off</P>
  </Block>
  <Line>
    <P Name="ZOrder">115</P>
    <P Name="Src">114::103#out:1</P>
    <P Name="Points">[120, 0]</P>
    <P Name="Dst">114::109#in:1</P>
  </Line>
  <Line>
    <P Name="ZOrder">116</P>
    <P Name="Src">114::108#out:1</P>
    <P Name="Dst">114::109#in:2</P>
  </Line>
  <Line>
    <P Name="Name">Ad</P>
    <P Name="ZOrder">117</P>
    <P Name="Labels">[0, 0]</P>
    <P Name="Src">114::109#out:2</P>
    <P Name="Dst">114::5#in:1</P>
  </Line>
  <Line>
    <P Name="ZOrder">118</P>
    <P Name="Src">114::110#out:1</P>
    <P Name="Dst">114::111#in:1</P>
  </Line>
  <Line>
    <P Name="ZOrder">119</P>
    <P Name="Src">114::109#out:1</P>
    <P Name="Dst">114::110#in:1</P>
  </Line>
</System>
