<?xml version="1.0" encoding="utf-8"?>
<System>
  <P Name="Location">[1913, -7, 3848, 1048]</P>
  <P Name="SystemRect">[0.000000, 0.000000, 0.000000, 0.000000]</P>
  <P Name="SetExecutionDomain">off</P>
  <P Name="ExecutionDomainType">Deduce</P>
  <P Name="ZoomFactor">60</P>
  <P Name="SimulinkSubDomain">Simulink</P>
  <Block BlockType="Inport" Name="Ids_estimate" SID="385">
    <P Name="Position">[-380, 248, -350, 262]</P>
    <P Name="ZOrder">4</P>
  </Block>
  <Block BlockType="Inport" Name="Rds_estimate" SID="386">
    <P Name="Position">[-290, 278, -260, 292]</P>
    <P Name="ZOrder">26</P>
    <P Name="Port">2</P>
  </Block>
  <Block BlockType="Constant" Name="Constant1" SID="387">
    <P Name="Position">[-400, 150, -370, 180]</P>
    <P Name="ZOrder">27</P>
    <P Name="Value">parameters_a</P>
    <P Name="VectorParams1D">off</P>
  </Block>
  <Block BlockType="Constant" Name="Constant2" SID="388">
    <P Name="Position">[-340, 180, -310, 210]</P>
    <P Name="ZOrder">9</P>
    <P Name="Value">parameters_b</P>
    <P Name="VectorParams1D">off</P>
  </Block>
  <Block BlockType="Constant" Name="Constant6" SID="389">
    <P Name="Position">[-280, 210, -250, 240]</P>
    <P Name="ZOrder">28</P>
    <P Name="Value">parameters_c</P>
    <P Name="VectorParams1D">off</P>
  </Block>
  <Block BlockType="SubSystem" Name="MATLAB Function4" SID="390">
    <P Name="Ports">[5, 1]</P>
    <P Name="Position">[85, 150, 375, 300]</P>
    <P Name="ZOrder">18</P>
    <P Name="ErrorFcn">Stateflow.Translate.translate</P>
    <P Name="PermitHierarchicalResolution">ExplicitOnly</P>
    <P Name="TreatAsAtomicUnit">on</P>
    <P Name="RequestExecContextInheritance">off</P>
    <P Name="SFBlockType">MATLAB Function</P>
    <P Name="ContentPreviewEnabled">on</P>
    <System Ref="system_390"/>
  </Block>
  <Block BlockType="Outport" Name="Tj_estimate" SID="391">
    <P Name="Position">[625, 218, 655, 232]</P>
    <P Name="ZOrder">2</P>
    <P Name="VectorParamsAs1DForOutWhenUnconnected">off</P>
  </Block>
  <Line>
    <P Name="ZOrder">1</P>
    <P Name="Src">388#out:1</P>
    <P Name="Dst">390#in:2</P>
  </Line>
  <Line>
    <P Name="ZOrder">2</P>
    <P Name="Src">385#out:1</P>
    <P Name="Dst">390#in:4</P>
  </Line>
  <Line>
    <P Name="ZOrder">3</P>
    <P Name="Src">390#out:1</P>
    <P Name="Dst">391#in:1</P>
  </Line>
  <Line>
    <P Name="ZOrder">4</P>
    <P Name="Src">386#out:1</P>
    <P Name="Dst">390#in:5</P>
  </Line>
  <Line>
    <P Name="ZOrder">5</P>
    <P Name="Src">389#out:1</P>
    <P Name="Dst">390#in:3</P>
  </Line>
  <Line>
    <P Name="ZOrder">6</P>
    <P Name="Src">387#out:1</P>
    <P Name="Dst">390#in:1</P>
  </Line>
</System>
