<?xml version="1.0" encoding="utf-8"?>
<System>
  <P Name="Location">[1913, -7, 3848, 1048]</P>
  <P Name="SystemRect">[0.000000, 0.000000, 0.000000, 0.000000]</P>
  <P Name="SetExecutionDomain">off</P>
  <P Name="ExecutionDomainType">Deduce</P>
  <P Name="SimulinkSubDomain">Simulink</P>
  <Block BlockType="Inport" Name="Vds" SID="141">
    <P Name="Position">[-195, -127, -165, -113]</P>
    <P Name="ZOrder">-1</P>
  </Block>
  <Block BlockType="Inport" Name="w0" SID="142">
    <P Name="Position">[-195, -82, -165, -68]</P>
    <P Name="ZOrder">69</P>
    <P Name="Port">2</P>
  </Block>
  <Block BlockType="Constant" Name="Constant1" SID="143">
    <P Name="Position">[190, -98, 210, -82]</P>
    <P Name="ZOrder">53</P>
    <P Name="Value">Qv</P>
    <P Name="VectorParams1D">off</P>
  </Block>
  <Block BlockType="Constant" Name="Constant2" SID="144">
    <P Name="Position">[190, -83, 210, -67]</P>
    <P Name="ZOrder">54</P>
    <P Name="Value">Rv</P>
    <P Name="VectorParams1D">off</P>
  </Block>
  <Block BlockType="Constant" Name="Constant3" SID="145">
    <P Name="Position">[145, -48, 165, -32]</P>
    <P Name="ZOrder">55</P>
    <P Name="Value">H</P>
    <P Name="VectorParams1D">off</P>
  </Block>
  <Block BlockType="Constant" Name="Constant4" SID="146">
    <P Name="Position">[0, -83, 45, -67]</P>
    <P Name="ZOrder">74</P>
    <P Name="Value">delta_t</P>
    <P Name="VectorParams1D">off</P>
  </Block>
  <Block BlockType="Delay" Name="Delay" SID="147">
    <P Name="Ports">[1, 1]</P>
    <P Name="Position">[385, 73, 420, 107]</P>
    <P Name="ZOrder">50</P>
    <P Name="BlockMirror">on</P>
    <P Name="NameLocation">top</P>
    <P Name="InputPortMap">u0</P>
    <P Name="DelayLength">1</P>
    <P Name="InitialCondition">[0;0;0]</P>
    <P Name="SampleTime">delta_t</P>
  </Block>
  <Block BlockType="Delay" Name="Delay1" SID="148">
    <P Name="Ports">[1, 1]</P>
    <P Name="Position">[385, 18, 420, 52]</P>
    <P Name="ZOrder">51</P>
    <P Name="BlockMirror">on</P>
    <P Name="NameLocation">top</P>
    <P Name="InputPortMap">u0</P>
    <P Name="DelayLength">1</P>
    <P Name="InitialCondition">P</P>
    <P Name="SampleTime">delta_t</P>
  </Block>
  <Block BlockType="Demux" Name="Demux" SID="149">
    <P Name="Ports">[1, 3]</P>
    <P Name="Position">[600, -119, 605, -81]</P>
    <P Name="ZOrder">67</P>
    <P Name="ShowName">off</P>
    <P Name="Outputs">3</P>
  </Block>
  <Block BlockType="SubSystem" Name="Kalman Filtering Step" SID="150">
    <P Name="Ports">[7, 2]</P>
    <P Name="Position">[295, -143, 460, -17]</P>
    <P Name="ZOrder">49</P>
    <P Name="ErrorFcn">Stateflow.Translate.translate</P>
    <P Name="PermitHierarchicalResolution">ExplicitOnly</P>
    <P Name="TreatAsAtomicUnit">on</P>
    <P Name="RequestExecContextInheritance">off</P>
    <P Name="SFBlockType">MATLAB Function</P>
    <P Name="ContentPreviewEnabled">on</P>
    <System Ref="system_150"/>
  </Block>
  <Block BlockType="SubSystem" Name="Kalman Filtering Step1" SID="151">
    <P Name="Ports">[2, 1]</P>
    <P Name="Position">[80, -105, 140, -65]</P>
    <P Name="ZOrder">73</P>
    <P Name="ShowName">off</P>
    <P Name="HideAutomaticName">off</P>
    <P Name="ErrorFcn">Stateflow.Translate.translate</P>
    <P Name="PermitHierarchicalResolution">ExplicitOnly</P>
    <P Name="TreatAsAtomicUnit">on</P>
    <P Name="RequestExecContextInheritance">off</P>
    <P Name="SFBlockType">MATLAB Function</P>
    <P Name="ContentPreviewEnabled">on</P>
    <System Ref="system_151"/>
  </Block>
  <Block BlockType="Scope" Name="Scope1" SID="152">
    <P Name="Ports">[2]</P>
    <P Name="Position">[725, -235, 760, -200]</P>
    <P Name="ZOrder">78</P>
    <P Name="ScopeSpecificationString">Simulink.scopes.TimeScopeBlockCfg(&apos;CurrentConfiguration&apos;, extmgr.ConfigurationSet(extmgr.Configuration(&apos;Core&apos;,&apos;General UI&apos;,true),extmgr.Configuration(&apos;Core&apos;,&apos;Source UI&apos;,true),extmgr.Configuration(&apos;Sources&apos;,&apos;WiredSimulink&apos;,true,&apos;DataLoggingVariableName&apos;,&apos;ScopeData2&apos;),extmgr.Configuration(&apos;Visuals&apos;,&apos;Time Domain&apos;,true,&apos;SerializedDisplays&apos;,{struct(&apos;MinYLimReal&apos;,&apos;-0.18003&apos;,&apos;MaxYLimReal&apos;,&apos;0.40377&apos;,&apos;YLabelReal&apos;,&apos;&apos;,&apos;MinYLimMag&apos;,&apos;0.00000&apos;,&apos;MaxYLimMag&apos;,&apos;0.40377&apos;,&apos;LegendVisibility&apos;,&apos;Off&apos;,&apos;XGrid&apos;,true,&apos;YGrid&apos;,true,&apos;PlotMagPhase&apos;,false,&apos;AxesColor&apos;,[0 0 0],&apos;AxesTickColor&apos;,[0.686274509803922 0.686274509803922 0.686274509803922],&apos;ColorOrder&apos;,[1 1 0.0666666666666667;0.0745098039215686 0.623529411764706 1;1 0.411764705882353 0.16078431372549;0.392156862745098 0.831372549019608 0.0745098039215686;0.717647058823529 0.274509803921569 1;0.0588235294117647 1 1;1 0.0745098039215686 0.650980392156863],&apos;Title&apos;,&apos;%&lt;SignalLabel&gt;&apos;,&apos;LinePropertiesCache&apos;,{{}},&apos;UserDefinedChannelNames&apos;,{{}},&apos;NumLines&apos;,2,&apos;LineNames&apos;,{{&apos;Demux/1&apos;,&apos;Zero-Order Hold&apos;}},&apos;ShowContent&apos;,true,&apos;Placement&apos;,1)},&apos;DisplayPropertyDefaults&apos;,struct(&apos;MinYLimReal&apos;,&apos;-0.18003&apos;,&apos;MaxYLimReal&apos;,&apos;0.40377&apos;,&apos;YLabelReal&apos;,&apos;&apos;,&apos;MinYLimMag&apos;,&apos;0.00000&apos;,&apos;MaxYLimMag&apos;,&apos;0.40377&apos;,&apos;LegendVisibility&apos;,&apos;Off&apos;,&apos;XGrid&apos;,true,&apos;YGrid&apos;,true,&apos;PlotMagPhase&apos;,false,&apos;AxesColor&apos;,[0 0 0],&apos;AxesTickColor&apos;,[0.686274509803922 0.686274509803922 0.686274509803922],&apos;ColorOrder&apos;,[0.0745098039215686 0.623529411764706 1;1 0.411764705882353 0.16078431372549;1 1 0.0666666666666667;0.717647058823529 0.274509803921569 1;0.392156862745098 0.831372549019608 0.0745098039215686;0.0588235294117647 1 1;1 0.0745098039215686 0.650980392156863])),extmgr.Configuration(&apos;Tools&apos;,&apos;Plot Navigation&apos;,true,&apos;OnceAtStop&apos;,false,&apos;PreviousZoomMode&apos;,&apos;ZoomX&apos;),extmgr.Configuration(&apos;Tools&apos;,&apos;Measurements&apos;,true,&apos;Version&apos;,&apos;2018b&apos;)),&apos;Version&apos;,&apos;2021b&apos;,&apos;Position&apos;,[1.66666666666667 41.6666666666667 1277.33333333333 598])</P>
    <P Name="NumInputPorts">2</P>
    <P Name="Floating">off</P>
  </Block>
  <Block BlockType="ToWorkspace" Name="To Workspace5" SID="421">
    <P Name="Ports">[1]</P>
    <P Name="Position">[715, -45, 810, -5]</P>
    <P Name="ZOrder">600</P>
    <P Name="VariableName">Vds_KF_Seperate</P>
    <P Name="MaxDataPoints">inf</P>
    <P Name="SaveFormat">Timeseries</P>
    <P Name="SampleTime">-1</P>
  </Block>
  <Block BlockType="ZeroOrderHold" Name="Zero-Order&#xA;Hold" SID="153">
    <P Name="Position">[-95, -135, -60, -105]</P>
    <P Name="ZOrder">68</P>
    <P Name="SampleTime">delta_t</P>
  </Block>
  <Block BlockType="ZeroOrderHold" Name="Zero-Order&#xA;Hold1" SID="154">
    <P Name="Position">[-95, -90, -60, -60]</P>
    <P Name="ZOrder">70</P>
    <P Name="SampleTime">delta_t</P>
  </Block>
  <Block BlockType="Outport" Name="Vds_estimate" SID="155">
    <P Name="Position">[705, -117, 735, -103]</P>
    <P Name="ZOrder">-2</P>
    <P Name="VectorParamsAs1DForOutWhenUnconnected">off</P>
  </Block>
  <Block BlockType="Outport" Name="Vds_measured" SID="195">
    <P Name="Position">[35, -172, 65, -158]</P>
    <P Name="ZOrder">80</P>
    <P Name="Port">2</P>
    <P Name="VectorParamsAs1DForOutWhenUnconnected">off</P>
  </Block>
  <Line>
    <P Name="ZOrder">1</P>
    <P Name="Src">146#out:1</P>
    <P Name="Dst">151#in:2</P>
  </Line>
  <Line>
    <P Name="ZOrder">2</P>
    <P Name="Src">154#out:1</P>
    <P Name="Points">[19, 0; 0, -20]</P>
    <P Name="Dst">151#in:1</P>
  </Line>
  <Line>
    <P Name="ZOrder">3</P>
    <P Name="Src">142#out:1</P>
    <P Name="Dst">154#in:1</P>
  </Line>
  <Line>
    <P Name="ZOrder">4</P>
    <P Name="Src">153#out:1</P>
    <P Name="Points">[26, 0]</P>
    <Branch>
      <P Name="ZOrder">25</P>
      <P Name="Points">[0, -45]</P>
      <P Name="Dst">195#in:1</P>
    </Branch>
    <Branch>
      <P Name="ZOrder">24</P>
      <P Name="Points">[147, 0; 0, -15; 2, 0]</P>
      <Branch>
        <P Name="ZOrder">23</P>
        <P Name="Points">[0, -75]</P>
        <P Name="Dst">152#in:2</P>
      </Branch>
      <Branch>
        <P Name="ZOrder">22</P>
        <P Name="Points">[160, 0]</P>
        <P Name="Dst">150#in:1</P>
      </Branch>
    </Branch>
  </Line>
  <Line>
    <P Name="ZOrder">5</P>
    <P Name="Src">149#out:1</P>
    <P Name="Points">[47, 0]</P>
    <Branch>
      <P Name="ZOrder">6</P>
      <P Name="Points">[18, 0]</P>
      <Branch>
        <P Name="ZOrder">46</P>
        <P Name="Points">[0, 85]</P>
        <P Name="Dst">421#in:1</P>
      </Branch>
      <Branch>
        <P Name="ZOrder">45</P>
        <P Name="Dst">155#in:1</P>
      </Branch>
    </Branch>
    <Branch>
      <P Name="ZOrder">7</P>
      <P Name="Points">[0, -115]</P>
      <P Name="Dst">152#in:1</P>
    </Branch>
  </Line>
  <Line>
    <P Name="ZOrder">9</P>
    <P Name="Src">144#out:1</P>
    <P Name="Points">[65, 0]</P>
    <P Name="Dst">150#in:4</P>
  </Line>
  <Line>
    <P Name="ZOrder">10</P>
    <P Name="Src">148#out:1</P>
    <P Name="Points">[-139, 0; 0, -70]</P>
    <P Name="Dst">150#in:7</P>
  </Line>
  <Line>
    <P Name="ZOrder">11</P>
    <P Name="Src">143#out:1</P>
    <P Name="Points">[65, 0]</P>
    <P Name="Dst">150#in:3</P>
  </Line>
  <Line>
    <P Name="ZOrder">12</P>
    <P Name="Src">141#out:1</P>
    <P Name="Dst">153#in:1</P>
  </Line>
  <Line>
    <P Name="ZOrder">15</P>
    <P Name="Src">147#out:1</P>
    <P Name="Points">[-156, 0; 0, -140]</P>
    <P Name="Dst">150#in:6</P>
  </Line>
  <Line>
    <P Name="ZOrder">16</P>
    <P Name="Src">150#out:2</P>
    <P Name="Points">[9, 0; 0, 85]</P>
    <P Name="Dst">148#in:1</P>
  </Line>
  <Line>
    <P Name="ZOrder">17</P>
    <P Name="Src">151#out:1</P>
    <P Name="Points">[20, 0; 0, -25]</P>
    <P Name="Dst">150#in:2</P>
  </Line>
  <Line>
    <P Name="ZOrder">18</P>
    <P Name="Src">150#out:1</P>
    <P Name="Points">[24, 0; 0, 10]</P>
    <Branch>
      <P Name="ZOrder">19</P>
      <P Name="Points">[0, 190]</P>
      <P Name="Dst">147#in:1</P>
    </Branch>
    <Branch>
      <P Name="ZOrder">20</P>
      <P Name="Dst">149#in:1</P>
    </Branch>
  </Line>
  <Line>
    <P Name="ZOrder">44</P>
    <P Name="Src">145#out:1</P>
    <P Name="Points">[25, 0; 0, -20]</P>
    <P Name="Dst">150#in:5</P>
  </Line>
</System>
