<?xml version="1.0" encoding="utf-8"?>
<System>
  <P Name="Location">[-7, -7, 1288, 688]</P>
  <P Name="SystemRect">[0.000000, 0.000000, 0.000000, 0.000000]</P>
  <P Name="SetExecutionDomain">off</P>
  <P Name="ExecutionDomainType">Deduce</P>
  <P Name="ZoomFactor">80</P>
  <P Name="SimulinkSubDomain">Simulink</P>
  <Block BlockType="Inport" Name="y_corr" SID="302">
    <P Name="Position">[-165, 33, -135, 47]</P>
    <P Name="ZOrder">-1</P>
  </Block>
  <Block BlockType="Inport" Name="w0" SID="330">
    <P Name="Position">[-165, 88, -135, 102]</P>
    <P Name="ZOrder">11</P>
    <P Name="Port">2</P>
  </Block>
  <Block BlockType="Constant" Name="Constant1" SID="304">
    <P Name="Position">[-165, 135, -135, 165]</P>
    <P Name="ZOrder">5</P>
    <P Name="Value">fs</P>
  </Block>
  <Block BlockType="Constant" Name="Constant2" SID="305">
    <P Name="Position">[-165, 200, -135, 230]</P>
    <P Name="ZOrder">9</P>
    <P Name="Value">lamda</P>
  </Block>
  <Block BlockType="Delay" Name="Delay" SID="306">
    <P Name="Ports">[1, 1]</P>
    <P Name="Position">[200, 363, 235, 397]</P>
    <P Name="ZOrder">2</P>
    <P Name="BlockMirror">on</P>
    <P Name="NameLocation">top</P>
    <P Name="InputPortMap">u0</P>
    <P Name="DelayLength">1</P>
    <P Name="InitialCondition">1</P>
  </Block>
  <Block BlockType="Delay" Name="Delay1" SID="307">
    <P Name="Ports">[1, 1]</P>
    <P Name="Position">[200, 308, 235, 342]</P>
    <P Name="ZOrder">3</P>
    <P Name="BlockMirror">on</P>
    <P Name="NameLocation">top</P>
    <P Name="InputPortMap">u0</P>
    <P Name="DelayLength">1</P>
    <P Name="InitialCondition">0</P>
  </Block>
  <Block BlockType="Delay" Name="Delay2" SID="308">
    <P Name="Ports">[1, 1]</P>
    <P Name="Position">[200, 258, 235, 292]</P>
    <P Name="ZOrder">7</P>
    <P Name="BlockMirror">on</P>
    <P Name="NameLocation">top</P>
    <P Name="InputPortMap">u0</P>
    <P Name="DelayLength">1</P>
    <P Name="InitialCondition">0</P>
  </Block>
  <Block BlockType="Delay" Name="Delay3" SID="309">
    <P Name="Ports">[1, 1]</P>
    <P Name="Position">[200, 198, 235, 232]</P>
    <P Name="ZOrder">8</P>
    <P Name="BlockMirror">on</P>
    <P Name="NameLocation">top</P>
    <P Name="InputPortMap">u0</P>
    <P Name="DelayLength">1</P>
    <P Name="InitialCondition">0</P>
  </Block>
  <Block BlockType="SubSystem" Name="MATLAB Function" SID="310">
    <P Name="Ports">[8, 5]</P>
    <P Name="Position">[120, 25, 335, 160]</P>
    <P Name="ZOrder">1</P>
    <P Name="ErrorFcn">Stateflow.Translate.translate</P>
    <P Name="PermitHierarchicalResolution">ExplicitOnly</P>
    <P Name="TreatAsAtomicUnit">on</P>
    <P Name="RequestExecContextInheritance">off</P>
    <P Name="SFBlockType">MATLAB Function</P>
    <P Name="ContentPreviewEnabled">on</P>
    <System Ref="system_310"/>
  </Block>
  <Block BlockType="Outport" Name="A_estimate_Voltage" SID="311">
    <P Name="Position">[610, 38, 640, 52]</P>
    <P Name="ZOrder">-2</P>
    <P Name="VectorParamsAs1DForOutWhenUnconnected">off</P>
  </Block>
  <Block BlockType="Outport" Name="Votage_RG" SID="323">
    <P Name="Position">[620, 113, 650, 127]</P>
    <P Name="ZOrder">10</P>
    <P Name="Port">2</P>
    <P Name="VectorParamsAs1DForOutWhenUnconnected">off</P>
  </Block>
  <Line>
    <P Name="ZOrder">2</P>
    <P Name="Src">310#out:1</P>
    <P Name="Points">[21, 0]</P>
    <Branch>
      <P Name="ZOrder">19</P>
      <P Name="Points">[0, 335]</P>
      <P Name="Dst">306#in:1</P>
    </Branch>
    <Branch>
      <P Name="ZOrder">17</P>
      <P Name="Dst">311#in:1</P>
    </Branch>
  </Line>
  <Line>
    <P Name="ZOrder">3</P>
    <P Name="Src">310#out:3</P>
    <P Name="Points">[85, 0; 0, 230]</P>
    <P Name="Dst">307#in:1</P>
  </Line>
  <Line>
    <P Name="ZOrder">4</P>
    <P Name="Src">302#out:1</P>
    <P Name="Dst">310#in:1</P>
  </Line>
  <Line>
    <P Name="ZOrder">33</P>
    <P Name="Src">330#out:1</P>
    <P Name="Points">[64, 0; 0, -40]</P>
    <P Name="Dst">310#in:2</P>
  </Line>
  <Line>
    <P Name="ZOrder">6</P>
    <P Name="Src">304#out:1</P>
    <P Name="Points">[102, 0; 0, -80]</P>
    <P Name="Dst">310#in:3</P>
  </Line>
  <Line>
    <P Name="ZOrder">7</P>
    <P Name="Src">307#out:1</P>
    <P Name="Points">[-131, 0; 0, -210]</P>
    <P Name="Dst">310#in:6</P>
  </Line>
  <Line>
    <P Name="ZOrder">8</P>
    <P Name="Src">306#out:1</P>
    <P Name="Points">[-149, 0; 0, -280]</P>
    <P Name="Dst">310#in:5</P>
  </Line>
  <Line>
    <P Name="ZOrder">9</P>
    <P Name="Src">310#out:4</P>
    <P Name="Points">[65, 0; 0, 155]</P>
    <P Name="Dst">308#in:1</P>
  </Line>
  <Line>
    <P Name="ZOrder">10</P>
    <P Name="Src">308#out:1</P>
    <P Name="Points">[-117, 0; 0, -145]</P>
    <P Name="Dst">310#in:7</P>
  </Line>
  <Line>
    <P Name="ZOrder">11</P>
    <P Name="Src">310#out:5</P>
    <P Name="Points">[45, 0; 0, 70]</P>
    <P Name="Dst">309#in:1</P>
  </Line>
  <Line>
    <P Name="ZOrder">12</P>
    <P Name="Src">305#out:1</P>
    <P Name="Points">[116, 0; 0, -130]</P>
    <P Name="Dst">310#in:4</P>
  </Line>
  <Line>
    <P Name="ZOrder">13</P>
    <P Name="Src">309#out:1</P>
    <P Name="Points">[-100, 0; 0, -70]</P>
    <P Name="Dst">310#in:8</P>
  </Line>
  <Line>
    <P Name="ZOrder">18</P>
    <P Name="Src">310#out:2</P>
    <P Name="Points">[183, 0; 0, 50]</P>
    <P Name="Dst">323#in:1</P>
  </Line>
</System>
