<?xml version="1.0" encoding="utf-8"?>
<System>
  <P Name="Location">[223, 338, 826, 833]</P>
  <P Name="SystemRect">[0.000000, 0.000000, 0.000000, 0.000000]</P>
  <P Name="SetExecutionDomain">off</P>
  <P Name="ExecutionDomainType">Deduce</P>
  <P Name="SIDHighWatermark">28</P>
  <P Name="SimulinkSubDomain">Simulink</P>
  <Block BlockType="Inport" Name="offset_before" SID="318::1">
    <P Name="Position">[20, 101, 40, 119]</P>
    <P Name="ZOrder">-1</P>
  </Block>
  <Block BlockType="Inport" Name="y" SID="318::22">
    <P Name="Position">[20, 136, 40, 154]</P>
    <P Name="ZOrder">13</P>
    <P Name="Port">2</P>
  </Block>
  <Block BlockType="Inport" Name="k_2 " SID="318::23">
    <P Name="Position">[20, 171, 40, 189]</P>
    <P Name="ZOrder">14</P>
    <P Name="Port">3</P>
  </Block>
  <Block BlockType="Demux" Name=" Demux " SID="318::27">
    <P Name="Ports">[1, 1]</P>
    <P Name="Position">[270, 230, 320, 270]</P>
    <P Name="ZOrder">18</P>
    <P Name="Outputs">1</P>
  </Block>
  <Block BlockType="S-Function" Name=" SFunction " SID="318::26">
    <P Name="Tag">Stateflow S-Function 12</P>
    <P Name="Ports">[3, 3]</P>
    <P Name="Position">[180, 100, 230, 180]</P>
    <P Name="ZOrder">17</P>
    <P Name="FunctionName">sf_sfun</P>
    <P Name="PortCounts">[3 3]</P>
    <P Name="SFunctionDeploymentMode">off</P>
    <P Name="EnableBusSupport">on</P>
    <P Name="SFcnIsStateOwnerBlock">off</P>
    <Port>
      <P Name="PortNumber">2</P>
      <P Name="Name">offset_after</P>
    </Port>
    <Port>
      <P Name="PortNumber">3</P>
      <P Name="Name">k_2</P>
    </Port>
  </Block>
  <Block BlockType="Terminator" Name=" Terminator " SID="318::28">
    <P Name="Position">[460, 241, 480, 259]</P>
    <P Name="ZOrder">19</P>
  </Block>
  <Block BlockType="Outport" Name="offset_after" SID="318::5">
    <P Name="Position">[460, 101, 480, 119]</P>
    <P Name="ZOrder">-5</P>
    <P Name="VectorParamsAs1DForOutWhenUnconnected">off</P>
  </Block>
  <Block BlockType="Outport" Name="k_2" SID="318::25">
    <P Name="Position">[460, 136, 480, 154]</P>
    <P Name="ZOrder">16</P>
    <P Name="Port">2</P>
    <P Name="VectorParamsAs1DForOutWhenUnconnected">off</P>
  </Block>
  <Line>
    <P Name="ZOrder">1</P>
    <P Name="Src">318::1#out:1</P>
    <P Name="Dst">318::26#in:1</P>
  </Line>
  <Line>
    <P Name="ZOrder">2</P>
    <P Name="Src">318::22#out:1</P>
    <P Name="Dst">318::26#in:2</P>
  </Line>
  <Line>
    <P Name="ZOrder">3</P>
    <P Name="Src">318::23#out:1</P>
    <P Name="Dst">318::26#in:3</P>
  </Line>
  <Line>
    <P Name="Name">offset_after</P>
    <P Name="ZOrder">4</P>
    <P Name="Labels">[0, 0]</P>
    <P Name="Src">318::26#out:2</P>
    <P Name="Dst">318::5#in:1</P>
  </Line>
  <Line>
    <P Name="Name">k_2</P>
    <P Name="ZOrder">5</P>
    <P Name="Labels">[0, 0]</P>
    <P Name="Src">318::26#out:3</P>
    <P Name="Dst">318::25#in:1</P>
  </Line>
  <Line>
    <P Name="ZOrder">6</P>
    <P Name="Src">318::27#out:1</P>
    <P Name="Dst">318::28#in:1</P>
  </Line>
  <Line>
    <P Name="ZOrder">7</P>
    <P Name="Src">318::26#out:1</P>
    <P Name="Dst">318::27#in:1</P>
  </Line>
</System>
