<?xml version="1.0" encoding="utf-8"?>
<GraphicalInterface>
  <P Name="NumRootInports">0</P>
  <P Name="NumRootOutports">0</P>
  <P Name="ParameterArgumentNames"/>
  <P Name="NumModelReferences">0</P>
  <P Name="NumTestPointedSignals">0</P>
  <P Name="NumProvidedFunctions">0</P>
  <P Name="NumRequiredFunctions">0</P>
  <P Name="NumResetEvents">0</P>
  <P Name="HasInitializeEvent">0</P>
  <P Name="HasTerminateEvent">0</P>
  <P Name="PreCompExecutionDomainType">Unset</P>
  <P Name="IsExportFunctionModel">0</P>
  <P Name="SimulinkSubDomainType">Simulink</P>
  <P Name="NumParameterArguments">0</P>
  <P Name="NumExternalFileReferences">8</P>
  <ExternalFileReference>
    <P Name="Reference">ctrlSharedLib/Recursive Least Squares Estimator</P>
    <P Name="Path">$bdroot/Recursive Least Squares Estimator</P>
    <P Name="SID">188</P>
    <P Name="Type">LIBRARY_BLOCK</P>
  </ExternalFileReference>
  <ExternalFileReference>
    <P Name="Reference">ctrlSharedLib/Recursive Least Squares Estimator</P>
    <P Name="Path">$bdroot/Subsystem/Recursive Least Squares Estimator</P>
    <P Name="SID">313</P>
    <P Name="Type">LIBRARY_BLOCK</P>
  </ExternalFileReference>
  <ExternalFileReference>
    <P Name="Reference">ctrlSharedLib/Recursive Least Squares Estimator</P>
    <P Name="Path">$bdroot/Subsystem/Recursive Least Squares Estimator1</P>
    <P Name="SID">377</P>
    <P Name="Type">LIBRARY_BLOCK</P>
  </ExternalFileReference>
  <ExternalFileReference>
    <P Name="Reference">simulink/Sources/Repeating
Sequence
Interpolated</P>
    <P Name="Path">$bdroot/Subsystem1/Repeating Sequence Interpolated</P>
    <P Name="SID">84</P>
    <P Name="Type">LIBRARY_BLOCK</P>
  </ExternalFileReference>
  <ExternalFileReference>
    <P Name="Reference">simulink/Sources/Repeating
Sequence
Interpolated</P>
    <P Name="Path">$bdroot/Subsystem1/Repeating Sequence Interpolated1</P>
    <P Name="SID">85</P>
    <P Name="Type">LIBRARY_BLOCK</P>
  </ExternalFileReference>
  <ExternalFileReference>
    <P Name="Reference">simulink/Sources/Repeating
Sequence
Interpolated</P>
    <P Name="Path">$bdroot/Subsystem1/Repeating Sequence Interpolated2</P>
    <P Name="SID">197</P>
    <P Name="Type">LIBRARY_BLOCK</P>
  </ExternalFileReference>
  <ExternalFileReference>
    <P Name="Reference">simulink/Sources/Repeating
Sequence
Interpolated</P>
    <P Name="Path">$bdroot/Subsystem1/Repeating Sequence Interpolated3</P>
    <P Name="SID">429</P>
    <P Name="Type">LIBRARY_BLOCK</P>
  </ExternalFileReference>
  <ExternalFileReference>
    <P Name="Reference">simulink/Sources/Repeating
Sequence
Interpolated</P>
    <P Name="Path">$bdroot/Subsystem1/Repeating Sequence Interpolated4</P>
    <P Name="SID">433</P>
    <P Name="Type">LIBRARY_BLOCK</P>
  </ExternalFileReference>
  <P Name="OrderedModelArguments">1</P>
</GraphicalInterface>
