<?xml version="1.0" encoding="UTF-8"?>
<sltp_graph version="1.1" packageUris="http://schema.mathworks.com/mf0/sltp_mm/R2021b_202106150630">
  <sltp.mm.core.Context type="sltp.mm.core.Context" uuid="83d503ad-d6e0-4db4-a4a0-c8baa2dfdd15">
    <priorityDirection>HighNumberLast</priorityDirection>
    <unusedTaskIds>1</unusedTaskIds>
    <editorState type="sltp.mm.core.EditorState" uuid="f943eed6-ea96-4dff-87c4-f31bacdc5f55">
      <isSynchronized>true</isSynchronized>
      <panelState type="sltp.mm.core.EditorPanelState" uuid="8aba7306-6b44-49bf-ba66-46648c598b64"/>
    </editorState>
    <rootTask type="sltp.mm.core.Task" uuid="1aa6c35e-7cc0-4b45-a74e-994305a7a0b2">
      <context type="sltp.mm.core.Context" uuid="83d503ad-d6e0-4db4-a4a0-c8baa2dfdd15"/>
      <explicit>false</explicit>
      <name>Default</name>
      <priority>-2147483648</priority>
      <subgraph type="sltp.mm.core.Graph" uuid="f8bf6931-0acc-42ab-8927-45a265dbd0be">
        <tasks type="sltp.mm.core.Task" uuid="1c988b55-a75a-4a8e-a908-41607b9ecd33">
          <baseTask>true</baseTask>
          <context type="sltp.mm.core.Context" uuid="83d503ad-d6e0-4db4-a4a0-c8baa2dfdd15"/>
          <explicit>false</explicit>
          <id>2</id>
          <isTimed>true</isTimed>
          <name>Cont</name>
          <priority>40</priority>
          <rates type="sltp.mm.core.Rate" uuid="b7a60521-3d61-4b22-9d2e-9abf8971fb25">
            <annotation>Cont</annotation>
            <color>255</color>
            <hasBlocks>true</hasBlocks>
            <rateSpec type="sltp.mm.core.RateSpec">
              <period>0.0</period>
            </rateSpec>
            <sti>0</sti>
          </rates>
          <rates type="sltp.mm.core.Rate" uuid="f1278cc9-f9e7-490e-8672-1fba6e0582c9">
            <annotation>D1</annotation>
            <color>-436207361</color>
            <hasBlocks>true</hasBlocks>
            <rateSpec type="sltp.mm.core.RateSpec">
              <period>.005</period>
            </rateSpec>
            <sti>1</sti>
          </rates>
          <rates type="sltp.mm.core.Rate" uuid="482e26a3-e04f-45f4-90e7-07422c4cdaa1">
            <annotation>D2</annotation>
            <color>13697279</color>
            <hasBlocks>true</hasBlocks>
            <rateSpec type="sltp.mm.core.RateSpec">
              <period>1.0</period>
            </rateSpec>
            <sti>2</sti>
          </rates>
          <rates type="sltp.mm.core.Rate" uuid="dd0739c3-1161-44ac-b7ad-f3edd8c7f10c">
            <annotation>D3</annotation>
            <color>52479</color>
            <hasBlocks>true</hasBlocks>
            <rateSpec type="sltp.mm.core.RateSpec">
              <period>2.0</period>
            </rateSpec>
            <sti>3</sti>
          </rates>
        </tasks>
      </subgraph>
    </rootTask>
  </sltp.mm.core.Context>
</sltp_graph>