<?xml version="1.0" encoding="utf-8"?>
<System>
  <P Name="Location">[-7, -7, 1288, 688]</P>
  <P Name="SystemRect">[0.000000, 0.000000, 0.000000, 0.000000]</P>
  <P Name="SetExecutionDomain">off</P>
  <P Name="ExecutionDomainType">Deduce</P>
  <P Name="ZoomFactor">80</P>
  <P Name="SimulinkSubDomain">Simulink</P>
  <Block BlockType="Inport" Name="y_corr" SID="287">
    <P Name="Position">[-165, 33, -135, 47]</P>
    <P Name="ZOrder">-1</P>
  </Block>
  <Block BlockType="Inport" Name="w0" SID="329">
    <P Name="Position">[-220, 88, -190, 102]</P>
    <P Name="ZOrder">12</P>
    <P Name="Port">2</P>
  </Block>
  <Block BlockType="Constant" Name="Constant1" SID="289">
    <P Name="Position">[-165, 135, -135, 165]</P>
    <P Name="ZOrder">5</P>
    <P Name="Value">fs</P>
  </Block>
  <Block BlockType="Constant" Name="Constant2" SID="290">
    <P Name="Position">[-165, 200, -135, 230]</P>
    <P Name="ZOrder">9</P>
    <P Name="Value">lamda</P>
  </Block>
  <Block BlockType="Delay" Name="Delay" SID="291">
    <P Name="Ports">[1, 1]</P>
    <P Name="Position">[200, 363, 235, 397]</P>
    <P Name="ZOrder">2</P>
    <P Name="BlockMirror">on</P>
    <P Name="NameLocation">top</P>
    <P Name="InputPortMap">u0</P>
    <P Name="DelayLength">1</P>
    <P Name="InitialCondition">1</P>
  </Block>
  <Block BlockType="Delay" Name="Delay1" SID="292">
    <P Name="Ports">[1, 1]</P>
    <P Name="Position">[200, 308, 235, 342]</P>
    <P Name="ZOrder">3</P>
    <P Name="BlockMirror">on</P>
    <P Name="NameLocation">top</P>
    <P Name="InputPortMap">u0</P>
    <P Name="DelayLength">1</P>
    <P Name="InitialCondition">0</P>
  </Block>
  <Block BlockType="Delay" Name="Delay2" SID="293">
    <P Name="Ports">[1, 1]</P>
    <P Name="Position">[200, 258, 235, 292]</P>
    <P Name="ZOrder">7</P>
    <P Name="BlockMirror">on</P>
    <P Name="NameLocation">top</P>
    <P Name="InputPortMap">u0</P>
    <P Name="DelayLength">1</P>
    <P Name="InitialCondition">0</P>
  </Block>
  <Block BlockType="Delay" Name="Delay3" SID="294">
    <P Name="Ports">[1, 1]</P>
    <P Name="Position">[200, 198, 235, 232]</P>
    <P Name="ZOrder">8</P>
    <P Name="BlockMirror">on</P>
    <P Name="NameLocation">top</P>
    <P Name="InputPortMap">u0</P>
    <P Name="DelayLength">1</P>
    <P Name="InitialCondition">0</P>
  </Block>
  <Block BlockType="SubSystem" Name="MATLAB Function" SID="295">
    <P Name="Ports">[8, 5]</P>
    <P Name="Position">[110, 20, 325, 155]</P>
    <P Name="ZOrder">1</P>
    <P Name="ErrorFcn">Stateflow.Translate.translate</P>
    <P Name="PermitHierarchicalResolution">ExplicitOnly</P>
    <P Name="TreatAsAtomicUnit">on</P>
    <P Name="RequestExecContextInheritance">off</P>
    <P Name="SFBlockType">MATLAB Function</P>
    <P Name="ContentPreviewEnabled">on</P>
    <System Ref="system_295"/>
  </Block>
  <Block BlockType="Outport" Name="A_current" SID="296">
    <P Name="Position">[545, 33, 575, 47]</P>
    <P Name="ZOrder">-2</P>
    <P Name="VectorParamsAs1DForOutWhenUnconnected">off</P>
  </Block>
  <Block BlockType="Outport" Name="current_RG" SID="324">
    <P Name="Position">[555, 73, 585, 87]</P>
    <P Name="ZOrder">11</P>
    <P Name="Port">2</P>
    <P Name="VectorParamsAs1DForOutWhenUnconnected">off</P>
  </Block>
  <Line>
    <P Name="ZOrder">2</P>
    <P Name="Src">295#out:1</P>
    <P Name="Points">[60, 0]</P>
    <Branch>
      <P Name="ZOrder">19</P>
      <P Name="Points">[0, 340]</P>
      <P Name="Dst">291#in:1</P>
    </Branch>
    <Branch>
      <P Name="ZOrder">17</P>
      <P Name="Dst">296#in:1</P>
    </Branch>
  </Line>
  <Line>
    <P Name="ZOrder">3</P>
    <P Name="Src">295#out:3</P>
    <P Name="Points">[20, 0; 0, 235]</P>
    <P Name="Dst">292#in:1</P>
  </Line>
  <Line>
    <P Name="ZOrder">4</P>
    <P Name="Src">287#out:1</P>
    <P Name="Points">[80, 0; 0, -5]</P>
    <P Name="Dst">295#in:1</P>
  </Line>
  <Line>
    <P Name="ZOrder">33</P>
    <P Name="Src">329#out:1</P>
    <P Name="Points">[104, 0; 0, -45]</P>
    <P Name="Dst">295#in:2</P>
  </Line>
  <Line>
    <P Name="ZOrder">6</P>
    <P Name="Src">289#out:1</P>
    <P Name="Points">[103, 0; 0, -85]</P>
    <P Name="Dst">295#in:3</P>
  </Line>
  <Line>
    <P Name="ZOrder">7</P>
    <P Name="Src">292#out:1</P>
    <P Name="Points">[-149, 0; 0, -215]</P>
    <P Name="Dst">295#in:6</P>
  </Line>
  <Line>
    <P Name="ZOrder">8</P>
    <P Name="Src">291#out:1</P>
    <P Name="Points">[-169, 0; 0, -285]</P>
    <P Name="Dst">295#in:5</P>
  </Line>
  <Line>
    <P Name="ZOrder">9</P>
    <P Name="Src">295#out:4</P>
    <P Name="Points">[13, 0; 0, 160]</P>
    <P Name="Dst">293#in:1</P>
  </Line>
  <Line>
    <P Name="ZOrder">10</P>
    <P Name="Src">293#out:1</P>
    <P Name="Points">[-131, 0; 0, -150]</P>
    <P Name="Dst">295#in:7</P>
  </Line>
  <Line>
    <P Name="ZOrder">11</P>
    <P Name="Src">295#out:5</P>
    <P Name="Points">[7, 0; 0, 75]</P>
    <P Name="Dst">294#in:1</P>
  </Line>
  <Line>
    <P Name="ZOrder">12</P>
    <P Name="Src">290#out:1</P>
    <P Name="Points">[116, 0; 0, -135]</P>
    <P Name="Dst">295#in:4</P>
  </Line>
  <Line>
    <P Name="ZOrder">13</P>
    <P Name="Src">294#out:1</P>
    <P Name="Points">[-109, 0; 0, -75]</P>
    <P Name="Dst">295#in:8</P>
  </Line>
  <Line>
    <P Name="ZOrder">18</P>
    <P Name="Src">295#out:2</P>
    <P Name="Points">[117, 0; 0, 15]</P>
    <P Name="Dst">324#in:1</P>
  </Line>
</System>
