<?xml version="1.0" encoding="utf-8"?>
<System>
  <P Name="Location">[-7, -7, 1288, 688]</P>
  <P Name="SystemRect">[0.000000, 0.000000, 0.000000, 0.000000]</P>
  <P Name="SetExecutionDomain">off</P>
  <P Name="ExecutionDomainType">Deduce</P>
  <P Name="ZoomFactor">60</P>
  <P Name="SimulinkSubDomain">Simulink</P>
  <Block BlockType="Inport" Name="Ids_estimate" SID="208">
    <P Name="Position">[-380, 248, -350, 262]</P>
    <P Name="ZOrder">4</P>
  </Block>
  <Block BlockType="Inport" Name="Rds_estimate" SID="230">
    <P Name="Position">[-290, 278, -260, 292]</P>
    <P Name="ZOrder">26</P>
    <P Name="Port">2</P>
  </Block>
  <Block BlockType="Constant" Name="Constant1" SID="231">
    <P Name="Position">[-400, 150, -370, 180]</P>
    <P Name="ZOrder">27</P>
    <P Name="Value">parameters_a</P>
    <P Name="VectorParams1D">off</P>
  </Block>
  <Block BlockType="Constant" Name="Constant2" SID="213">
    <P Name="Position">[-340, 180, -310, 210]</P>
    <P Name="ZOrder">9</P>
    <P Name="Value">parameters_b</P>
    <P Name="VectorParams1D">off</P>
  </Block>
  <Block BlockType="Constant" Name="Constant6" SID="232">
    <P Name="Position">[-280, 210, -250, 240]</P>
    <P Name="ZOrder">28</P>
    <P Name="Value">parameters_c</P>
    <P Name="VectorParams1D">off</P>
  </Block>
  <Block BlockType="SubSystem" Name="MATLAB Function4" SID="222">
    <P Name="Ports">[5, 1]</P>
    <P Name="Position">[85, 150, 375, 300]</P>
    <P Name="ZOrder">18</P>
    <P Name="ErrorFcn">Stateflow.Translate.translate</P>
    <P Name="PermitHierarchicalResolution">ExplicitOnly</P>
    <P Name="TreatAsAtomicUnit">on</P>
    <P Name="RequestExecContextInheritance">off</P>
    <P Name="SFBlockType">MATLAB Function</P>
    <P Name="ContentPreviewEnabled">on</P>
    <System Ref="system_222"/>
  </Block>
  <Block BlockType="Outport" Name="Tj_estimate" SID="206">
    <P Name="Position">[625, 218, 655, 232]</P>
    <P Name="ZOrder">2</P>
    <P Name="VectorParamsAs1DForOutWhenUnconnected">off</P>
  </Block>
  <Line>
    <P Name="ZOrder">42</P>
    <P Name="Src">213#out:1</P>
    <P Name="Dst">222#in:2</P>
  </Line>
  <Line>
    <P Name="ZOrder">43</P>
    <P Name="Src">208#out:1</P>
    <P Name="Dst">222#in:4</P>
  </Line>
  <Line>
    <P Name="ZOrder">44</P>
    <P Name="Src">222#out:1</P>
    <P Name="Dst">206#in:1</P>
  </Line>
  <Line>
    <P Name="ZOrder">52</P>
    <P Name="Src">230#out:1</P>
    <P Name="Dst">222#in:5</P>
  </Line>
  <Line>
    <P Name="ZOrder">54</P>
    <P Name="Src">232#out:1</P>
    <P Name="Dst">222#in:3</P>
  </Line>
  <Line>
    <P Name="ZOrder">55</P>
    <P Name="Src">231#out:1</P>
    <P Name="Dst">222#in:1</P>
  </Line>
</System>
