<?xml version="1.0" encoding="utf-8"?>
<System>
  <P Name="Location">[-7, -7, 1288, 688]</P>
  <P Name="SystemRect">[0.000000, 0.000000, 0.000000, 0.000000]</P>
  <P Name="SetExecutionDomain">off</P>
  <P Name="ExecutionDomainType">Deduce</P>
  <P Name="SimulinkSubDomain">Simulink</P>
  <Block BlockType="Inport" Name="Tj" SID="238">
    <P Name="Position">[-120, 238, -90, 252]</P>
    <P Name="ZOrder">-1</P>
  </Block>
  <Block BlockType="Inport" Name="Current" SID="240">
    <P Name="Position">[-90, 203, -60, 217]</P>
    <P Name="ZOrder">1</P>
    <P Name="Port">2</P>
  </Block>
  <Block BlockType="Constant" Name="Constant3" SID="243">
    <P Name="Position">[-120, 90, -90, 120]</P>
    <P Name="ZOrder">34</P>
    <P Name="Value">parameters_a</P>
    <P Name="VectorParams1D">off</P>
  </Block>
  <Block BlockType="Constant" Name="Constant4" SID="244">
    <P Name="Position">[-180, 125, -150, 155]</P>
    <P Name="ZOrder">33</P>
    <P Name="Value">parameters_b</P>
    <P Name="VectorParams1D">off</P>
  </Block>
  <Block BlockType="Constant" Name="Constant5" SID="245">
    <P Name="Position">[-235, 160, -205, 190]</P>
    <P Name="ZOrder">35</P>
    <P Name="Value">parameters_c</P>
    <P Name="VectorParams1D">off</P>
  </Block>
  <Block BlockType="SubSystem" Name="MATLAB Function4" SID="242">
    <P Name="Ports">[5, 1]</P>
    <P Name="Position">[65, 92, 370, 258]</P>
    <P Name="ZOrder">19</P>
    <P Name="ErrorFcn">Stateflow.Translate.translate</P>
    <P Name="PermitHierarchicalResolution">ExplicitOnly</P>
    <P Name="TreatAsAtomicUnit">on</P>
    <P Name="RequestExecContextInheritance">off</P>
    <P Name="SFBlockType">MATLAB Function</P>
    <P Name="ContentPreviewEnabled">on</P>
    <System Ref="system_242"/>
  </Block>
  <Block BlockType="Outport" Name="Rds_on" SID="239">
    <P Name="Position">[500, 168, 530, 182]</P>
    <P Name="ZOrder">-2</P>
    <P Name="VectorParamsAs1DForOutWhenUnconnected">off</P>
  </Block>
  <Line>
    <P Name="ZOrder">17</P>
    <P Name="Src">238#out:1</P>
    <P Name="Dst">242#in:5</P>
  </Line>
  <Line>
    <P Name="ZOrder">7</P>
    <P Name="Src">242#out:1</P>
    <P Name="Dst">239#in:1</P>
  </Line>
  <Line>
    <P Name="ZOrder">12</P>
    <P Name="Src">243#out:1</P>
    <P Name="Dst">242#in:1</P>
  </Line>
  <Line>
    <P Name="ZOrder">13</P>
    <P Name="Src">244#out:1</P>
    <P Name="Dst">242#in:2</P>
  </Line>
  <Line>
    <P Name="ZOrder">14</P>
    <P Name="Src">245#out:1</P>
    <P Name="Dst">242#in:3</P>
  </Line>
  <Line>
    <P Name="ZOrder">16</P>
    <P Name="Src">240#out:1</P>
    <P Name="Dst">242#in:4</P>
  </Line>
</System>
