<?xml version="1.0" encoding="utf-8"?>
<System>
  <P Name="Location">[1913, -7, 3848, 1048]</P>
  <P Name="SystemRect">[0.000000, 0.000000, 0.000000, 0.000000]</P>
  <P Name="Open">on</P>
  <P Name="SetExecutionDomain">off</P>
  <P Name="ExecutionDomainType">Deduce</P>
  <P Name="ReportName">simulink-default.rpt</P>
  <P Name="SIDHighWatermark">373</P>
  <P Name="SimulinkSubDomain">Simulink</P>
  <Block BlockType="SubSystem" Name="Current_estimator" SID="28">
    <P Name="Ports">[2, 2]</P>
    <P Name="Position">[-35, 404, 65, 446]</P>
    <P Name="ZOrder">48</P>
    <P Name="RequestExecContextInheritance">off</P>
    <P Name="ContentPreviewEnabled">on</P>
    <System Ref="system_28"/>
  </Block>
  <Block BlockType="SubSystem" Name="Junction Temperature Estimator" SID="202">
    <P Name="Ports">[2, 1]</P>
    <P Name="Position">[550, 457, 710, 533]</P>
    <P Name="ZOrder">553</P>
    <P Name="RequestExecContextInheritance">off</P>
    <P Name="ContentPreviewEnabled">on</P>
    <System Ref="system_202"/>
  </Block>
  <Block BlockType="Reference" Name="Recursive Least Squares Estimator" SID="188">
    <P Name="Ports">[2, 1]</P>
    <P Name="Position">[285, 414, 395, 496]</P>
    <P Name="ZOrder">550</P>
    <P Name="LibraryVersion">3.0</P>
    <P Name="SourceBlock">ctrlSharedLib/Recursive Least Squares Estimator</P>
    <P Name="SourceType">idEstimatorsRLS</P>
    <P Name="SourceProductBaseCode">CT,ID</P>
    <InstanceData>
      <P Name="RTWMemSecFuncInitTerm">Inherit from model</P>
      <P Name="RTWMemSecFuncExecute">Inherit from model</P>
      <P Name="RTWMemSecDataConstants">Inherit from model</P>
      <P Name="RTWMemSecDataInternal">Inherit from model</P>
      <P Name="RTWMemSecDataParameters">Inherit from model</P>
      <P Name="ContentPreviewEnabled">on</P>
      <P Name="InitialEstimateSource">None</P>
      <P Name="InitialParameterData">1</P>
      <P Name="P0">1</P>
      <P Name="InitialRegressors">0</P>
      <P Name="InitialOutputs">0</P>
      <P Name="History">Finite</P>
      <P Name="WindowLength">50</P>
      <P Name="EstimationMethod">Forgetting Factor</P>
      <P Name="AdaptationParameter">1</P>
      <P Name="HasTimeVaryingAdaptationParameter">off</P>
      <P Name="NormalizationBias">eps</P>
      <P Name="OutputError">off</P>
      <P Name="OutputP">off</P>
      <P Name="AddEnablePort">off</P>
      <P Name="ExternalReset">None</P>
      <P Name="InputProcessing">Sample-based</P>
      <P Name="Ts">delta_t</P>
    </InstanceData>
  </Block>
  <Block BlockType="Scope" Name="Scope" SID="116">
    <P Name="Ports">[5]</P>
    <P Name="Position">[265, 526, 300, 604]</P>
    <P Name="ZOrder">62</P>
    <P Name="ScopeSpecificationString">Simulink.scopes.TimeScopeBlockCfg(&apos;CurrentConfiguration&apos;, extmgr.ConfigurationSet(extmgr.Configuration(&apos;Core&apos;,&apos;General UI&apos;,true),extmgr.Configuration(&apos;Core&apos;,&apos;Source UI&apos;,true),extmgr.Configuration(&apos;Sources&apos;,&apos;WiredSimulink&apos;,true),extmgr.Configuration(&apos;Visuals&apos;,&apos;Time Domain&apos;,true,&apos;SerializedDisplays&apos;,{struct(&apos;MinYLimReal&apos;,&apos;-35.8152&apos;,&apos;MaxYLimReal&apos;,&apos;54.18107&apos;,&apos;YLabelReal&apos;,&apos;&apos;,&apos;MinYLimMag&apos;,&apos;0.00000&apos;,&apos;MaxYLimMag&apos;,&apos;54.18107&apos;,&apos;LegendVisibility&apos;,&apos;On&apos;,&apos;XGrid&apos;,true,&apos;YGrid&apos;,true,&apos;PlotMagPhase&apos;,false,&apos;AxesColor&apos;,[0 0 0],&apos;AxesTickColor&apos;,[0.686274509803922 0.686274509803922 0.686274509803922],&apos;ColorOrder&apos;,[1 1 0.0666666666666667;0.0745098039215686 0.623529411764706 1;1 0.411764705882353 0.16078431372549;0.392156862745098 0.831372549019608 0.0745098039215686;0.717647058823529 0.274509803921569 1;0.0588235294117647 1 1;1 0.0745098039215686 0.650980392156863],&apos;Title&apos;,&apos;%&lt;SignalLabel&gt;&apos;,&apos;LinePropertiesCache&apos;,{{struct(&apos;Visible&apos;,&apos;on&apos;),struct(&apos;Visible&apos;,&apos;on&apos;),struct(&apos;Visible&apos;,&apos;on&apos;),struct(&apos;Visible&apos;,&apos;off&apos;)}},&apos;UserDefinedChannelNames&apos;,{{}},&apos;NumLines&apos;,5,&apos;LineNames&apos;,{{&apos;Current_estimator/1&apos;,&apos;Channel 2&apos;,&apos;Current_estimator/2&apos;,&apos;Subsystem1/5&apos;,&apos;Subsystem1/2&apos;}},&apos;ShowContent&apos;,true,&apos;Placement&apos;,1)},&apos;DisplayPropertyDefaults&apos;,struct(&apos;MinYLimReal&apos;,&apos;-35.8152&apos;,&apos;MaxYLimReal&apos;,&apos;54.18107&apos;,&apos;YLabelReal&apos;,&apos;&apos;,&apos;MinYLimMag&apos;,&apos;0.00000&apos;,&apos;MaxYLimMag&apos;,&apos;54.18107&apos;,&apos;LegendVisibility&apos;,&apos;On&apos;,&apos;XGrid&apos;,true,&apos;YGrid&apos;,true,&apos;PlotMagPhase&apos;,false,&apos;AxesColor&apos;,[0 0 0],&apos;AxesTickColor&apos;,[0.686274509803922 0.686274509803922 0.686274509803922],&apos;ColorOrder&apos;,[1 1 0.0666666666666667;0.0745098039215686 0.623529411764706 1;1 0.411764705882353 0.16078431372549;0.392156862745098 0.831372549019608 0.0745098039215686;0.717647058823529 0.274509803921569 1;0.0588235294117647 1 1;1 0.0745098039215686 0.650980392156863],&apos;Title&apos;,&apos;%&lt;SignalLabel&gt;&apos;)),extmgr.Configuration(&apos;Tools&apos;,&apos;Plot Navigation&apos;,true,&apos;OnceAtStop&apos;,false,&apos;PreviousAutoscale&apos;,&apos;XY&apos;),extmgr.Configuration(&apos;Tools&apos;,&apos;Measurements&apos;,true,&apos;Version&apos;,&apos;2021b&apos;)),&apos;Version&apos;,&apos;2021b&apos;,&apos;Position&apos;,[1 41 1280 607.333333333333])</P>
    <P Name="NumInputPorts">5</P>
    <P Name="Floating">off</P>
  </Block>
  <Block BlockType="Scope" Name="Scope1" SID="193">
    <P Name="Ports">[5]</P>
    <P Name="Position">[265, 621, 300, 699]</P>
    <P Name="ZOrder">552</P>
    <P Name="ScopeSpecificationString">Simulink.scopes.TimeScopeBlockCfg(&apos;CurrentConfiguration&apos;, extmgr.ConfigurationSet(extmgr.Configuration(&apos;Core&apos;,&apos;General UI&apos;,true),extmgr.Configuration(&apos;Core&apos;,&apos;Source UI&apos;,true),extmgr.Configuration(&apos;Sources&apos;,&apos;WiredSimulink&apos;,true,&apos;DataLoggingVariableName&apos;,&apos;ScopeData1&apos;),extmgr.Configuration(&apos;Visuals&apos;,&apos;Time Domain&apos;,true,&apos;SerializedDisplays&apos;,{struct(&apos;MinYLimReal&apos;,&apos;-0.25002&apos;,&apos;MaxYLimReal&apos;,&apos;0.24984&apos;,&apos;YLabelReal&apos;,&apos;&apos;,&apos;MinYLimMag&apos;,&apos;0.00000&apos;,&apos;MaxYLimMag&apos;,&apos;0.25002&apos;,&apos;LegendVisibility&apos;,&apos;Off&apos;,&apos;XGrid&apos;,true,&apos;YGrid&apos;,true,&apos;PlotMagPhase&apos;,false,&apos;AxesColor&apos;,[0 0 0],&apos;AxesTickColor&apos;,[0.686274509803922 0.686274509803922 0.686274509803922],&apos;ColorOrder&apos;,[1 1 0.0666666666666667;0.0745098039215686 0.623529411764706 1;1 0.411764705882353 0.16078431372549;0.392156862745098 0.831372549019608 0.0745098039215686;0.717647058823529 0.274509803921569 1;0.0588235294117647 1 1;1 0.0745098039215686 0.650980392156863],&apos;Title&apos;,&apos;%&lt;SignalLabel&gt;&apos;,&apos;LinePropertiesCache&apos;,{{}},&apos;UserDefinedChannelNames&apos;,{{}},&apos;NumLines&apos;,1,&apos;LineNames&apos;,{{&apos;Voltage_estimator/1&apos;}},&apos;ShowContent&apos;,true,&apos;Placement&apos;,1),struct(&apos;MinYLimReal&apos;,&apos;-0.07199&apos;,&apos;MaxYLimReal&apos;,&apos;0.47567&apos;,&apos;YLabelReal&apos;,&apos;&apos;,&apos;MinYLimMag&apos;,&apos;0.00000&apos;,&apos;MaxYLimMag&apos;,&apos;0.52348&apos;,&apos;LegendVisibility&apos;,&apos;Off&apos;,&apos;XGrid&apos;,true,&apos;YGrid&apos;,true,&apos;PlotMagPhase&apos;,false,&apos;AxesColor&apos;,[0 0 0],&apos;AxesTickColor&apos;,[0.686274509803922 0.686274509803922 0.686274509803922],&apos;ColorOrder&apos;,[1 1 0.0666666666666667;0.0745098039215686 0.623529411764706 1;1 0.411764705882353 0.16078431372549;0.392156862745098 0.831372549019608 0.0745098039215686;0.717647058823529 0.274509803921569 1;0.0588235294117647 1 1;1 0.0745098039215686 0.650980392156863],&apos;Title&apos;,&apos;%&lt;SignalLabel&gt;&apos;,&apos;LinePropertiesCache&apos;,{{}},&apos;UserDefinedChannelNames&apos;,{{}},&apos;NumLines&apos;,1,&apos;LineNames&apos;,{{&apos;Channel 2&apos;}},&apos;ShowContent&apos;,true,&apos;Placement&apos;,2),struct(&apos;MinYLimReal&apos;,&apos;-0.25&apos;,&apos;MaxYLimReal&apos;,&apos;0.25&apos;,&apos;YLabelReal&apos;,&apos;&apos;,&apos;MinYLimMag&apos;,&apos;0.00000&apos;,&apos;MaxYLimMag&apos;,&apos;0.52348&apos;,&apos;LegendVisibility&apos;,&apos;Off&apos;,&apos;XGrid&apos;,true,&apos;YGrid&apos;,true,&apos;PlotMagPhase&apos;,false,&apos;AxesColor&apos;,[0 0 0],&apos;AxesTickColor&apos;,[0.686274509803922 0.686274509803922 0.686274509803922],&apos;ColorOrder&apos;,[1 1 0.0666666666666667;0.0745098039215686 0.623529411764706 1;1 0.411764705882353 0.16078431372549;0.392156862745098 0.831372549019608 0.0745098039215686;0.717647058823529 0.274509803921569 1;0.0588235294117647 1 1;1 0.0745098039215686 0.650980392156863],&apos;Title&apos;,&apos;%&lt;SignalLabel&gt;&apos;,&apos;LinePropertiesCache&apos;,{{}},&apos;UserDefinedChannelNames&apos;,{{}},&apos;NumLines&apos;,1,&apos;LineNames&apos;,{{&apos;Voltage_estimator/2&apos;}},&apos;ShowContent&apos;,true,&apos;Placement&apos;,3),struct(&apos;MinYLimReal&apos;,&apos;-0.10605&apos;,&apos;MaxYLimReal&apos;,&apos;0.50203&apos;,&apos;YLabelReal&apos;,&apos;&apos;,&apos;MinYLimMag&apos;,&apos;0.00000&apos;,&apos;MaxYLimMag&apos;,&apos;0.52348&apos;,&apos;LegendVisibility&apos;,&apos;Off&apos;,&apos;XGrid&apos;,true,&apos;YGrid&apos;,true,&apos;PlotMagPhase&apos;,false,&apos;AxesColor&apos;,[0 0 0],&apos;AxesTickColor&apos;,[0.686274509803922 0.686274509803922 0.686274509803922],&apos;ColorOrder&apos;,[1 1 0.0666666666666667;0.0745098039215686 0.623529411764706 1;1 0.411764705882353 0.16078431372549;0.392156862745098 0.831372549019608 0.0745098039215686;0.717647058823529 0.274509803921569 1;0.0588235294117647 1 1;1 0.0745098039215686 0.650980392156863],&apos;Title&apos;,&apos;%&lt;SignalLabel&gt;&apos;,&apos;LinePropertiesCache&apos;,{{}},&apos;UserDefinedChannelNames&apos;,{{}},&apos;NumLines&apos;,2,&apos;LineNames&apos;,{{&apos;Subsystem1/6&apos;,&apos;Subsystem1/3&apos;}},&apos;ShowContent&apos;,true,&apos;Placement&apos;,4)},&apos;DisplayPropertyDefaults&apos;,struct(&apos;YLabelReal&apos;,&apos;&apos;,&apos;LegendVisibility&apos;,&apos;Off&apos;,&apos;XGrid&apos;,true,&apos;YGrid&apos;,true,&apos;PlotMagPhase&apos;,false,&apos;AxesColor&apos;,[0 0 0],&apos;AxesTickColor&apos;,[0.686274509803922 0.686274509803922 0.686274509803922],&apos;ColorOrder&apos;,[0.0745098039215686 0.623529411764706 1;1 0.411764705882353 0.16078431372549;1 1 0.0666666666666667;0.717647058823529 0.274509803921569 1;0.392156862745098 0.831372549019608 0.0745098039215686;0.0588235294117647 1 1;1 0.0745098039215686 0.650980392156863]),&apos;DisplayLayoutDimensions&apos;,[4 1]),extmgr.Configuration(&apos;Tools&apos;,&apos;Plot Navigation&apos;,true,&apos;OnceAtStop&apos;,false,&apos;PreviousZoomMode&apos;,&apos;ZoomX&apos;,&apos;PreviousAutoscale&apos;,&apos;XY&apos;),extmgr.Configuration(&apos;Tools&apos;,&apos;Measurements&apos;,true,&apos;Version&apos;,&apos;2018b&apos;,&apos;Measurements&apos;,struct(&apos;traceselector&apos;,struct(&apos;Line&apos;,1),&apos;tcursors&apos;,struct(&apos;XCoordinates&apos;,[1.59160260846682 1.61753639459714],&apos;YCoordinates&apos;,[NaN NaN],&apos;CursorChannels&apos;,[1 1],&apos;WaveformCursors&apos;,true,&apos;ShowHorizontal&apos;,false,&apos;ShowVertical&apos;,true,&apos;LockCursorSpacing&apos;,false,&apos;SnapToData&apos;,false,&apos;SettingsPanelOpen&apos;,0,&apos;MeasurementsPanelOpen&apos;,1)))),&apos;Version&apos;,&apos;2018b&apos;,&apos;Position&apos;,[1.66666666666667 41.6666666666667 1277.33333333333 598])</P>
    <P Name="NumInputPorts">5</P>
    <P Name="Floating">off</P>
  </Block>
  <Block BlockType="Scope" Name="Scope2" SID="248">
    <P Name="Ports">[4]</P>
    <P Name="Position">[495, 258, 525, 292]</P>
    <P Name="ZOrder">554</P>
    <P Name="ScopeSpecificationString">Simulink.scopes.TimeScopeBlockCfg(&apos;CurrentConfiguration&apos;, extmgr.ConfigurationSet(extmgr.Configuration(&apos;Core&apos;,&apos;General UI&apos;,true),extmgr.Configuration(&apos;Core&apos;,&apos;Source UI&apos;,true),extmgr.Configuration(&apos;Sources&apos;,&apos;WiredSimulink&apos;,true,&apos;DataLoggingVariableName&apos;,&apos;ScopeData1&apos;),extmgr.Configuration(&apos;Visuals&apos;,&apos;Time Domain&apos;,true,&apos;SerializedDisplays&apos;,{struct(&apos;MinYLimReal&apos;,&apos;1.50363&apos;,&apos;MaxYLimReal&apos;,&apos;2.10238&apos;,&apos;YLabelReal&apos;,&apos;&apos;,&apos;MinYLimMag&apos;,&apos;1.50363&apos;,&apos;MaxYLimMag&apos;,&apos;2.10238&apos;,&apos;LegendVisibility&apos;,&apos;On&apos;,&apos;XGrid&apos;,true,&apos;YGrid&apos;,true,&apos;PlotMagPhase&apos;,false,&apos;AxesColor&apos;,[0 0 0],&apos;AxesTickColor&apos;,[0.686274509803922 0.686274509803922 0.686274509803922],&apos;ColorOrder&apos;,[1 1 0.0666666666666667;0.0745098039215686 0.623529411764706 1;1 0.411764705882353 0.16078431372549;0.392156862745098 0.831372549019608 0.0745098039215686;0.717647058823529 0.274509803921569 1;0.0588235294117647 1 1;1 0.0745098039215686 0.650980392156863],&apos;Title&apos;,&apos;%&lt;SignalLabel&gt;&apos;,&apos;LinePropertiesCache&apos;,{{}},&apos;UserDefinedChannelNames&apos;,{{}},&apos;NumLines&apos;,4,&apos;LineNames&apos;,{{&apos;Recursive Least Squares Estimator&apos;,&apos;Subsystem/1&apos;,&apos;Subsystem1/Rds_on&apos;,&apos;Subsystem/Parameters&apos;}},&apos;ShowContent&apos;,true,&apos;Placement&apos;,1)},&apos;DisplayPropertyDefaults&apos;,struct(&apos;MinYLimReal&apos;,&apos;1.50363&apos;,&apos;MaxYLimReal&apos;,&apos;2.10238&apos;,&apos;YLabelReal&apos;,&apos;&apos;,&apos;MinYLimMag&apos;,&apos;1.50363&apos;,&apos;MaxYLimMag&apos;,&apos;2.10238&apos;,&apos;LegendVisibility&apos;,&apos;On&apos;,&apos;XGrid&apos;,true,&apos;YGrid&apos;,true,&apos;PlotMagPhase&apos;,false,&apos;AxesColor&apos;,[0 0 0],&apos;AxesTickColor&apos;,[0.686274509803922 0.686274509803922 0.686274509803922],&apos;ColorOrder&apos;,[0.0745098039215686 0.623529411764706 1;1 0.411764705882353 0.16078431372549;1 1 0.0666666666666667;0.717647058823529 0.274509803921569 1;0.392156862745098 0.831372549019608 0.0745098039215686;0.0588235294117647 1 1;1 0.0745098039215686 0.650980392156863])),extmgr.Configuration(&apos;Tools&apos;,&apos;Plot Navigation&apos;,true,&apos;OnceAtStop&apos;,false,&apos;PreviousAutoscale&apos;,&apos;XY&apos;),extmgr.Configuration(&apos;Tools&apos;,&apos;Measurements&apos;,true,&apos;Version&apos;,&apos;2021b&apos;)),&apos;Version&apos;,&apos;2021b&apos;,&apos;Position&apos;,[1921 -319 1920 967.333333333333])</P>
    <P Name="NumInputPorts">4</P>
    <P Name="Floating">off</P>
  </Block>
  <Block BlockType="Scope" Name="Scope3" SID="278">
    <P Name="Ports">[3]</P>
    <P Name="Position">[-5, 253, 25, 287]</P>
    <P Name="ZOrder">558</P>
    <P Name="ScopeSpecificationString">Simulink.scopes.TimeScopeBlockCfg(&apos;CurrentConfiguration&apos;, extmgr.ConfigurationSet(extmgr.Configuration(&apos;Core&apos;,&apos;General UI&apos;,true),extmgr.Configuration(&apos;Core&apos;,&apos;Source UI&apos;,true),extmgr.Configuration(&apos;Sources&apos;,&apos;WiredSimulink&apos;,true,&apos;DataLoggingVariableName&apos;,&apos;ScopeData2&apos;),extmgr.Configuration(&apos;Visuals&apos;,&apos;Time Domain&apos;,true,&apos;SerializedDisplays&apos;,{struct(&apos;MinYLimReal&apos;,&apos;-42.7503&apos;,&apos;MaxYLimReal&apos;,&apos;43.25898&apos;,&apos;YLabelReal&apos;,&apos;&apos;,&apos;MinYLimMag&apos;,&apos;0.00000&apos;,&apos;MaxYLimMag&apos;,&apos;43.25898&apos;,&apos;LegendVisibility&apos;,&apos;off&apos;,&apos;XGrid&apos;,true,&apos;YGrid&apos;,true,&apos;PlotMagPhase&apos;,false,&apos;AxesColor&apos;,[0 0 0],&apos;AxesTickColor&apos;,[0.686274509803922 0.686274509803922 0.686274509803922],&apos;ColorOrder&apos;,[1 1 0.0666666666666667;0.0745098039215686 0.623529411764706 1;1 0.411764705882353 0.16078431372549;0.392156862745098 0.831372549019608 0.0745098039215686;0.717647058823529 0.274509803921569 1;0.0588235294117647 1 1;1 0.0745098039215686 0.650980392156863],&apos;Title&apos;,&apos;%&lt;SignalLabel&gt;&apos;,&apos;LinePropertiesCache&apos;,{{}},&apos;UserDefinedChannelNames&apos;,{{}},&apos;NumLines&apos;,3,&apos;LineNames&apos;,{{&apos;Subsystem1/5&apos;,&apos;Subsystem/2&apos;,&apos;Subsystem/gaus_estimate&apos;}},&apos;ShowContent&apos;,true,&apos;Placement&apos;,1)},&apos;DisplayPropertyDefaults&apos;,struct(&apos;MinYLimReal&apos;,&apos;-42.7503&apos;,&apos;MaxYLimReal&apos;,&apos;43.25898&apos;,&apos;YLabelReal&apos;,&apos;&apos;,&apos;MinYLimMag&apos;,&apos;0.00000&apos;,&apos;MaxYLimMag&apos;,&apos;43.25898&apos;,&apos;LegendVisibility&apos;,&apos;off&apos;,&apos;XGrid&apos;,true,&apos;YGrid&apos;,true,&apos;PlotMagPhase&apos;,false,&apos;AxesColor&apos;,[0 0 0],&apos;AxesTickColor&apos;,[0.686274509803922 0.686274509803922 0.686274509803922],&apos;ColorOrder&apos;,[0.0745098039215686 0.623529411764706 1;1 0.411764705882353 0.16078431372549;1 1 0.0666666666666667;0.717647058823529 0.274509803921569 1;0.392156862745098 0.831372549019608 0.0745098039215686;0.0588235294117647 1 1;1 0.0745098039215686 0.650980392156863])),extmgr.Configuration(&apos;Tools&apos;,&apos;Plot Navigation&apos;,true,&apos;OnceAtStop&apos;,false,&apos;PreviousAutoscale&apos;,&apos;XY&apos;),extmgr.Configuration(&apos;Tools&apos;,&apos;Measurements&apos;,true,&apos;Version&apos;,&apos;2021b&apos;)),&apos;Version&apos;,&apos;2021b&apos;,&apos;Position&apos;,[1 41 1280 607.333333333333])</P>
    <P Name="NumInputPorts">3</P>
    <P Name="Floating">off</P>
  </Block>
  <Block BlockType="Scope" Name="Scope4" SID="189">
    <P Name="Ports">[2]</P>
    <P Name="Position">[935, 463, 980, 532]</P>
    <P Name="ZOrder">551</P>
    <P Name="ScopeSpecificationString">Simulink.scopes.TimeScopeBlockCfg(&apos;CurrentConfiguration&apos;, extmgr.ConfigurationSet(extmgr.Configuration(&apos;Core&apos;,&apos;General UI&apos;,true),extmgr.Configuration(&apos;Core&apos;,&apos;Source UI&apos;,true),extmgr.Configuration(&apos;Sources&apos;,&apos;WiredSimulink&apos;,true,&apos;DataLoggingVariableName&apos;,&apos;ScopeData4&apos;),extmgr.Configuration(&apos;Visuals&apos;,&apos;Time Domain&apos;,true,&apos;SerializedDisplays&apos;,{struct(&apos;MinYLimReal&apos;,&apos;-120.56465&apos;,&apos;MaxYLimReal&apos;,&apos;454.9392&apos;,&apos;YLabelReal&apos;,&apos;&apos;,&apos;MinYLimMag&apos;,&apos; 0.00000&apos;,&apos;MaxYLimMag&apos;,&apos;454.9392&apos;,&apos;LegendVisibility&apos;,&apos;On&apos;,&apos;XGrid&apos;,true,&apos;YGrid&apos;,true,&apos;PlotMagPhase&apos;,false,&apos;AxesColor&apos;,[0 0 0],&apos;AxesTickColor&apos;,[0.686274509803922 0.686274509803922 0.686274509803922],&apos;ColorOrder&apos;,[1 1 0.0666666666666667;0.0745098039215686 0.623529411764706 1;1 0.411764705882353 0.16078431372549;0.392156862745098 0.831372549019608 0.0745098039215686;0.717647058823529 0.274509803921569 1;0.0588235294117647 1 1;1 0.0745098039215686 0.650980392156863],&apos;Title&apos;,&apos;%&lt;SignalLabel&gt;&apos;,&apos;LinePropertiesCache&apos;,{{}},&apos;UserDefinedChannelNames&apos;,{{}},&apos;NumLines&apos;,2,&apos;LineNames&apos;,{{&apos;Junction Temperature Estimator&apos;,&apos;Subsystem1/7&apos;}},&apos;ShowContent&apos;,true,&apos;Placement&apos;,1)},&apos;DisplayPropertyDefaults&apos;,struct(&apos;MinYLimReal&apos;,&apos;-120.56465&apos;,&apos;MaxYLimReal&apos;,&apos;454.9392&apos;,&apos;YLabelReal&apos;,&apos;&apos;,&apos;MinYLimMag&apos;,&apos; 0.00000&apos;,&apos;MaxYLimMag&apos;,&apos;454.9392&apos;,&apos;LegendVisibility&apos;,&apos;On&apos;,&apos;XGrid&apos;,true,&apos;YGrid&apos;,true,&apos;PlotMagPhase&apos;,false,&apos;AxesColor&apos;,[0 0 0],&apos;AxesTickColor&apos;,[0.686274509803922 0.686274509803922 0.686274509803922],&apos;ColorOrder&apos;,[0.0745098039215686 0.623529411764706 1;1 0.411764705882353 0.16078431372549;1 1 0.0666666666666667;0.717647058823529 0.274509803921569 1;0.392156862745098 0.831372549019608 0.0745098039215686;0.0588235294117647 1 1;1 0.0745098039215686 0.650980392156863])),extmgr.Configuration(&apos;Tools&apos;,&apos;Plot Navigation&apos;,true,&apos;OnceAtStop&apos;,false,&apos;PreviousAutoscale&apos;,&apos;XY&apos;),extmgr.Configuration(&apos;Tools&apos;,&apos;Measurements&apos;,true,&apos;Version&apos;,&apos;2021b&apos;)),&apos;Version&apos;,&apos;2021b&apos;,&apos;Position&apos;,[1 1 1280 562.666666666667],&apos;WindowStyle&apos;,&apos;docked&apos;)</P>
    <P Name="NumInputPorts">2</P>
    <P Name="Floating">off</P>
  </Block>
  <Block BlockType="SubSystem" Name="Subsystem" SID="253">
    <P Name="Ports">[3, 5]</P>
    <P Name="Position">[-55, 338, 65, 392]</P>
    <P Name="ZOrder">557</P>
    <P Name="RequestExecContextInheritance">off</P>
    <P Name="ContentPreviewEnabled">on</P>
    <System Ref="system_253"/>
  </Block>
  <Block BlockType="SubSystem" Name="Subsystem1" SID="76">
    <P Name="Ports">[0, 7]</P>
    <P Name="Position">[-500, 391, -360, 509]</P>
    <P Name="ZOrder">61</P>
    <P Name="RequestExecContextInheritance">off</P>
    <P Name="ContentPreviewEnabled">on</P>
    <System Ref="system_76"/>
  </Block>
  <Block BlockType="SubSystem" Name="Voltage_estimator" SID="140">
    <P Name="Ports">[2, 2]</P>
    <P Name="Position">[-35, 464, 65, 506]</P>
    <P Name="ZOrder">63</P>
    <P Name="RequestExecContextInheritance">off</P>
    <P Name="ContentPreviewEnabled">on</P>
    <System Ref="system_140"/>
  </Block>
  <Line>
    <P Name="ZOrder">211</P>
    <P Name="Src">76#out:2</P>
    <P Name="Points">[271, 0; 0, -5]</P>
    <Branch>
      <P Name="ZOrder">401</P>
      <P Name="Points">[0, -65]</P>
      <P Name="Dst">253#in:1</P>
    </Branch>
    <Branch>
      <P Name="ZOrder">400</P>
      <P Name="Points">[19, 0]</P>
      <Branch>
        <P Name="ZOrder">338</P>
        <P Name="Points">[0, -85; 285, 0; 0, 265]</P>
        <P Name="Dst">116#in:5</P>
      </Branch>
      <Branch>
        <P Name="ZOrder">337</P>
        <P Name="Dst">28#in:1</P>
      </Branch>
    </Branch>
  </Line>
  <Line>
    <P Name="ZOrder">220</P>
    <P Name="Src">28#out:1</P>
    <P Name="Points">[73, 0]</P>
    <Branch>
      <P Name="ZOrder">366</P>
      <P Name="Points">[0, -58; 387, 0; 0, 118]</P>
      <P Name="Dst">202#in:1</P>
    </Branch>
    <Branch>
      <P Name="ZOrder">365</P>
      <P Name="Points">[32, 0; 0, 20]</P>
      <Branch>
        <P Name="ZOrder">327</P>
        <P Name="Points">[0, 100]</P>
        <P Name="Dst">116#in:1</P>
      </Branch>
      <Branch>
        <P Name="ZOrder">326</P>
        <P Name="Dst">188#in:1</P>
      </Branch>
    </Branch>
  </Line>
  <Line>
    <P Name="ZOrder">214</P>
    <P Name="Src">76#out:4</P>
    <P Name="Points">[221, 0]</P>
    <Branch>
      <P Name="ZOrder">439</P>
      <P Name="Points">[0, 45]</P>
      <P Name="Dst">140#in:2</P>
    </Branch>
    <Branch>
      <P Name="ZOrder">232</P>
      <P Name="Points">[0, -15; 62, 0]</P>
      <Branch>
        <P Name="ZOrder">403</P>
        <P Name="Points">[0, -70]</P>
        <P Name="Dst">253#in:2</P>
      </Branch>
      <Branch>
        <P Name="ZOrder">399</P>
        <P Name="Dst">28#in:2</P>
      </Branch>
    </Branch>
  </Line>
  <Line>
    <P Name="ZOrder">234</P>
    <P Name="Src">76#out:3</P>
    <P Name="Points">[138, 0; 0, 36; 106, 0]</P>
    <Branch>
      <P Name="ZOrder">468</P>
      <P Name="Points">[18, 0; 0, 5; 13, 0]</P>
      <Branch>
        <P Name="ZOrder">376</P>
        <P Name="Points">[0, -1]</P>
        <P Name="Dst">140#in:1</P>
      </Branch>
      <Branch>
        <P Name="ZOrder">340</P>
        <P Name="Points">[0, 214]</P>
        <P Name="Dst">193#in:5</P>
      </Branch>
    </Branch>
    <Branch>
      <P Name="ZOrder">407</P>
      <P Name="Points">[0, -91]</P>
      <P Name="Dst">253#in:3</P>
    </Branch>
  </Line>
  <Line>
    <P Name="ZOrder">242</P>
    <P Name="Src">140#out:1</P>
    <P Name="Points">[42, 0]</P>
    <Branch>
      <P Name="ZOrder">333</P>
      <P Name="Points">[0, 155]</P>
      <P Name="Dst">193#in:1</P>
    </Branch>
    <Branch>
      <P Name="ZOrder">332</P>
      <P Name="Dst">188#in:2</P>
    </Branch>
  </Line>
  <Line>
    <P Name="ZOrder">328</P>
    <P Name="Src">28#out:2</P>
    <P Name="Points">[74, 0; 0, 130]</P>
    <P Name="Dst">116#in:3</P>
  </Line>
  <Line>
    <P Name="ZOrder">329</P>
    <P Name="Src">76#out:5</P>
    <P Name="Points">[23, 0]</P>
    <Branch>
      <P Name="ZOrder">478</P>
      <P Name="Points">[0, -205]</P>
      <P Name="Dst">278#in:1</P>
    </Branch>
    <Branch>
      <P Name="ZOrder">475</P>
      <P Name="Points">[0, 115]</P>
      <P Name="Dst">116#in:4</P>
    </Branch>
  </Line>
  <Line>
    <P Name="ZOrder">334</P>
    <P Name="Src">140#out:2</P>
    <P Name="Points">[12, 0; 0, 165]</P>
    <P Name="Dst">193#in:3</P>
  </Line>
  <Line>
    <P Name="ZOrder">336</P>
    <P Name="Src">76#out:6</P>
    <P Name="Points">[55, 0; 0, 195]</P>
    <P Name="Dst">193#in:4</P>
  </Line>
  <Line>
    <P Name="ZOrder">375</P>
    <P Name="Src">188#out:1</P>
    <P Name="Points">[25, 0]</P>
    <Branch>
      <P Name="ZOrder">470</P>
      <P Name="Points">[0, -195]</P>
      <P Name="Dst">248#in:1</P>
    </Branch>
    <Branch>
      <P Name="ZOrder">469</P>
      <P Name="Points">[21, 0; 0, 60]</P>
      <P Name="Dst">202#in:2</P>
    </Branch>
  </Line>
  <Line>
    <P Name="ZOrder">372</P>
    <P Name="Src">202#out:1</P>
    <P Name="Points">[108, 0; 0, -15]</P>
    <P Name="Dst">189#in:1</P>
  </Line>
  <Line>
    <P Name="ZOrder">377</P>
    <P Name="Src">76#out:7</P>
    <P Name="Points">[84, 0; 0, 215; 1130, 0; 0, -250; 26, 0; 0, 55]</P>
    <P Name="Dst">189#in:2</P>
  </Line>
  <Line>
    <P Name="ZOrder">395</P>
    <P Name="Src">76#out:1</P>
    <P Name="Points">[4, 0; 0, -12; 811, 0; 0, -113]</P>
    <P Name="Dst">248#in:3</P>
  </Line>
  <Line>
    <P Name="ZOrder">408</P>
    <P Name="Src">253#out:1</P>
    <P Name="Points">[95, 0; 0, -75]</P>
    <P Name="Dst">248#in:2</P>
  </Line>
  <Line>
    <P Name="ZOrder">479</P>
    <P Name="Src">253#out:2</P>
    <P Name="Points">[19, 0; 0, -41; -133, 0; 0, -44]</P>
    <P Name="Dst">278#in:2</P>
  </Line>
  <Line>
    <P Name="ZOrder">490</P>
    <P Name="Src">253#out:3</P>
    <P Name="Points">[7, 0; 0, -75]</P>
    <P Name="Dst">248#in:4</P>
  </Line>
  <Line>
    <P Name="ZOrder">491</P>
    <P Name="Src">253#out:4</P>
    <P Name="Points">[39, 0; 0, -72; -135, 0; 0, -23]</P>
    <P Name="Dst">278#in:3</P>
  </Line>
</System>
