<?xml version="1.0" encoding="utf-8"?>
<System>
  <P Name="Location">[1913, -7, 3848, 1048]</P>
  <P Name="SystemRect">[0.000000, 0.000000, 0.000000, 0.000000]</P>
  <P Name="Open">on</P>
  <P Name="SetExecutionDomain">off</P>
  <P Name="ExecutionDomainType">Deduce</P>
  <P Name="ZoomFactor">67</P>
  <P Name="SimulinkSubDomain">Simulink</P>
  <Block BlockType="Sum" Name="Add1" SID="77">
    <P Name="Ports">[3, 1]</P>
    <P Name="Position">[640, 110, 660, 130]</P>
    <P Name="ZOrder">15</P>
    <P Name="Inputs">+++</P>
  </Block>
  <Block BlockType="Sum" Name="Add2" SID="160">
    <P Name="Ports">[3, 1]</P>
    <P Name="Position">[650, -165, 670, -145]</P>
    <P Name="ZOrder">77</P>
    <P Name="Inputs">+++</P>
  </Block>
  <Block BlockType="Constant" Name="Constant1" SID="79">
    <P Name="Position">[555, 75, 600, 95]</P>
    <P Name="ZOrder">18</P>
    <P Name="Value">I0_off</P>
  </Block>
  <Block BlockType="Constant" Name="Constant3" SID="165">
    <P Name="Position">[565, -205, 605, -185]</P>
    <P Name="ZOrder">82</P>
    <P Name="Value">V0_off</P>
  </Block>
  <Block BlockType="Constant" Name="Constant4" SID="174">
    <P Name="Position">[-695, 95, -635, 125]</P>
    <P Name="ZOrder">84</P>
    <P Name="Value">10</P>
  </Block>
  <Block BlockType="From" Name="From" SID="198">
    <P Name="Position">[65, -264, 135, -246]</P>
    <P Name="ZOrder">555</P>
    <P Name="GotoTag">Ids_stat</P>
  </Block>
  <Block BlockType="Gain" Name="Gain1" SID="80">
    <P Name="Position">[590, 141, 625, 179]</P>
    <P Name="ZOrder">66</P>
  </Block>
  <Block BlockType="Gain" Name="Gain2" SID="81">
    <P Name="Position">[-170, 91, -95, 149]</P>
    <P Name="ZOrder">16</P>
    <P Name="Gain">Ids_gain</P>
  </Block>
  <Block BlockType="Gain" Name="Gain3" SID="123">
    <P Name="Position">[-585, 84, -525, 136]</P>
    <P Name="ZOrder">72</P>
    <P Name="Gain">2*pi</P>
  </Block>
  <Block BlockType="Gain" Name="Gain4" SID="164">
    <P Name="Position">[590, -134, 625, -96]</P>
    <P Name="ZOrder">81</P>
  </Block>
  <Block BlockType="Gain" Name="Gain5" SID="190">
    <P Name="Position">[325, -189, 405, -121]</P>
    <P Name="ZOrder">85</P>
    <P Name="Gain">Vds_gain</P>
  </Block>
  <Block BlockType="Goto" Name="Goto" SID="199">
    <P Name="Position">[320, 45, 390, 65]</P>
    <P Name="ZOrder">556</P>
    <P Name="GotoTag">Ids_stat</P>
  </Block>
  <Block BlockType="Integrator" Name="Integrator1" SID="82">
    <P Name="Ports">[1, 1]</P>
    <P Name="Position">[-360, 95, -330, 125]</P>
    <P Name="ZOrder">50</P>
  </Block>
  <Block BlockType="Product" Name="Product" SID="83">
    <P Name="Ports">[2, 1]</P>
    <P Name="Position">[-240, 102, -210, 133]</P>
    <P Name="ZOrder">57</P>
  </Block>
  <Block BlockType="Product" Name="Product1" SID="157">
    <P Name="Ports">[2, 1]</P>
    <P Name="Position">[255, -173, 285, -142]</P>
    <P Name="ZOrder">74</P>
  </Block>
  <Block BlockType="RandomNumber" Name="Random&#xA;Number" SID="93">
    <P Name="Position">[530, 145, 560, 175]</P>
    <P Name="ZOrder">67</P>
    <P Name="Variance">I_var</P>
    <P Name="SampleTime">delta_t</P>
  </Block>
  <Block BlockType="RandomNumber" Name="Random&#xA;Number1" SID="163">
    <P Name="Position">[515, -130, 545, -100]</P>
    <P Name="ZOrder">80</P>
    <P Name="Variance">V_var</P>
    <P Name="SampleTime">delta_t</P>
  </Block>
  <Block BlockType="RateLimiter" Name="Rate Limiter" SID="191">
    <P Name="Position">[-345, 155, -315, 185]</P>
    <P Name="ZOrder">86</P>
    <P Name="RisingSlewLimit">2</P>
    <P Name="FallingSlewLimit">-2</P>
    <P Name="InitialCondition">3</P>
  </Block>
  <Block BlockType="RateLimiter" Name="Rate Limiter1" SID="196">
    <P Name="Position">[-285, -110, -255, -80]</P>
    <P Name="ZOrder">553</P>
    <P Name="RisingSlewLimit">200</P>
    <P Name="FallingSlewLimit">-200</P>
    <P Name="InitialCondition">3</P>
  </Block>
  <Block BlockType="Reference" Name="Repeating&#xA;Sequence&#xA;Interpolated" SID="84">
    <P Name="Ports">[0, 1]</P>
    <P Name="Position">[-665, 230, -635, 260]</P>
    <P Name="ZOrder">52</P>
    <P Name="LibraryVersion">1.488</P>
    <P Name="SourceBlock">simulink/Sources/Repeating
Sequence
Interpolated</P>
    <P Name="SourceType">Repeating Sequence Interpolated</P>
    <P Name="SourceProductBaseCode">SL</P>
    <InstanceData>
      <P Name="RTWMemSecFuncInitTerm">Inherit from model</P>
      <P Name="RTWMemSecFuncExecute">Inherit from model</P>
      <P Name="RTWMemSecDataConstants">Inherit from model</P>
      <P Name="RTWMemSecDataInternal">Inherit from model</P>
      <P Name="RTWMemSecDataParameters">Inherit from model</P>
      <P Name="ContentPreviewEnabled">on</P>
      <P Name="OutValues">5*[3 1 4 2 1].&apos;</P>
      <P Name="TimeValues">10*[0 0.1 0.5 0.6 1].&apos;</P>
      <P Name="LookUpMeth">Interpolation-Use End Values</P>
      <P Name="tsamp">-1</P>
      <P Name="OutMin">[]</P>
      <P Name="OutMax">[]</P>
      <P Name="OutDataTypeStr">double</P>
      <P Name="OutputDataTypeScalingMode">double</P>
      <P Name="OutDataType">fixdt(0,8)</P>
      <P Name="OutScaling">2^-10</P>
      <P Name="LockScale">off</P>
    </InstanceData>
  </Block>
  <Block BlockType="Reference" Name="Repeating&#xA;Sequence&#xA;Interpolated1" SID="85">
    <P Name="Ports">[0, 1]</P>
    <P Name="Position">[-420, 155, -390, 185]</P>
    <P Name="ZOrder">58</P>
    <P Name="LibraryVersion">1.488</P>
    <P Name="SourceBlock">simulink/Sources/Repeating
Sequence
Interpolated</P>
    <P Name="SourceType">Repeating Sequence Interpolated</P>
    <P Name="SourceProductBaseCode">SL</P>
    <InstanceData>
      <P Name="RTWMemSecFuncInitTerm">Inherit from model</P>
      <P Name="RTWMemSecFuncExecute">Inherit from model</P>
      <P Name="RTWMemSecDataConstants">Inherit from model</P>
      <P Name="RTWMemSecDataInternal">Inherit from model</P>
      <P Name="RTWMemSecDataParameters">Inherit from model</P>
      <P Name="ContentPreviewEnabled">on</P>
      <P Name="OutValues">[3 3 5 5 2 2]</P>
      <P Name="TimeValues">10*[0 0.2 0.4 0.6 0.8 1]</P>
      <P Name="LookUpMeth">Interpolation-Use End Values</P>
      <P Name="tsamp">-1</P>
      <P Name="OutMin">[]</P>
      <P Name="OutMax">[]</P>
      <P Name="OutDataTypeStr">double</P>
      <P Name="OutputDataTypeScalingMode">double</P>
      <P Name="OutDataType">fixdt(0,8)</P>
      <P Name="OutScaling">2^-10</P>
      <P Name="LockScale">off</P>
    </InstanceData>
  </Block>
  <Block BlockType="Reference" Name="Repeating&#xA;Sequence&#xA;Interpolated2" SID="197">
    <P Name="Ports">[0, 1]</P>
    <P Name="Position">[-405, -110, -375, -80]</P>
    <P Name="ZOrder">554</P>
    <P Name="LibraryVersion">1.488</P>
    <P Name="SourceBlock">simulink/Sources/Repeating
Sequence
Interpolated</P>
    <P Name="SourceType">Repeating Sequence Interpolated</P>
    <P Name="SourceProductBaseCode">SL</P>
    <InstanceData>
      <P Name="RTWMemSecFuncInitTerm">Inherit from model</P>
      <P Name="RTWMemSecFuncExecute">Inherit from model</P>
      <P Name="RTWMemSecDataConstants">Inherit from model</P>
      <P Name="RTWMemSecDataInternal">Inherit from model</P>
      <P Name="RTWMemSecDataParameters">Inherit from model</P>
      <P Name="ContentPreviewEnabled">on</P>
      <P Name="OutValues">[60 70 100 120 150 200]</P>
      <P Name="TimeValues">10*[0 0.2 0.4 0.6 0.8 1]</P>
      <P Name="LookUpMeth">Interpolation-Use End Values</P>
      <P Name="tsamp">-1</P>
      <P Name="OutMin">[]</P>
      <P Name="OutMax">[]</P>
      <P Name="OutDataTypeStr">double</P>
      <P Name="OutputDataTypeScalingMode">double</P>
      <P Name="OutDataType">fixdt(0,8)</P>
      <P Name="OutScaling">2^-10</P>
      <P Name="LockScale">off</P>
    </InstanceData>
  </Block>
  <Block BlockType="Scope" Name="Scope4" SID="192">
    <P Name="Ports">[2]</P>
    <P Name="Position">[-205, 172, -175, 203]</P>
    <P Name="ZOrder">552</P>
    <P Name="ScopeSpecificationString">Simulink.scopes.TimeScopeBlockCfg(&apos;CurrentConfiguration&apos;, extmgr.ConfigurationSet(extmgr.Configuration(&apos;Core&apos;,&apos;General UI&apos;,true),extmgr.Configuration(&apos;Core&apos;,&apos;Source UI&apos;,true),extmgr.Configuration(&apos;Sources&apos;,&apos;WiredSimulink&apos;,true,&apos;DataLoggingVariableName&apos;,&apos;ScopeData5&apos;),extmgr.Configuration(&apos;Visuals&apos;,&apos;Time Domain&apos;,true,&apos;SerializedDisplays&apos;,{struct(&apos;MinYLimReal&apos;,&apos;1.625&apos;,&apos;MaxYLimReal&apos;,&apos;5.375&apos;,&apos;YLabelReal&apos;,&apos;&apos;,&apos;MinYLimMag&apos;,&apos;1.625&apos;,&apos;MaxYLimMag&apos;,&apos;5.375&apos;,&apos;LegendVisibility&apos;,&apos;Off&apos;,&apos;XGrid&apos;,true,&apos;YGrid&apos;,true,&apos;PlotMagPhase&apos;,false,&apos;AxesColor&apos;,[0 0 0],&apos;AxesTickColor&apos;,[0.686274509803922 0.686274509803922 0.686274509803922],&apos;ColorOrder&apos;,[1 1 0.0666666666666667;0.0745098039215686 0.623529411764706 1;1 0.411764705882353 0.16078431372549;0.392156862745098 0.831372549019608 0.0745098039215686;0.717647058823529 0.274509803921569 1;0.0588235294117647 1 1;1 0.0745098039215686 0.650980392156863],&apos;Title&apos;,&apos;%&lt;SignalLabel&gt;&apos;,&apos;LinePropertiesCache&apos;,{{}},&apos;UserDefinedChannelNames&apos;,{{}},&apos;NumLines&apos;,2,&apos;LineNames&apos;,{{&apos;Rate Limiter&apos;,&apos;Repeating Sequence Interpolated1&apos;}},&apos;ShowContent&apos;,true,&apos;Placement&apos;,1)},&apos;DisplayPropertyDefaults&apos;,struct(&apos;MinYLimReal&apos;,&apos;1.625&apos;,&apos;MaxYLimReal&apos;,&apos;5.375&apos;,&apos;YLabelReal&apos;,&apos;&apos;,&apos;MinYLimMag&apos;,&apos;1.625&apos;,&apos;MaxYLimMag&apos;,&apos;5.375&apos;,&apos;LegendVisibility&apos;,&apos;Off&apos;,&apos;XGrid&apos;,true,&apos;YGrid&apos;,true,&apos;PlotMagPhase&apos;,false,&apos;AxesColor&apos;,[0 0 0],&apos;AxesTickColor&apos;,[0.686274509803922 0.686274509803922 0.686274509803922],&apos;ColorOrder&apos;,[0.0745098039215686 0.623529411764706 1;1 0.411764705882353 0.16078431372549;1 1 0.0666666666666667;0.717647058823529 0.274509803921569 1;0.392156862745098 0.831372549019608 0.0745098039215686;0.0588235294117647 1 1;1 0.0745098039215686 0.650980392156863])),extmgr.Configuration(&apos;Tools&apos;,&apos;Plot Navigation&apos;,true,&apos;OnceAtStop&apos;,false,&apos;PreviousZoomMode&apos;,&apos;ZoomY&apos;,&apos;PreviousAutoscale&apos;,&apos;XY&apos;),extmgr.Configuration(&apos;Tools&apos;,&apos;Measurements&apos;,true,&apos;Version&apos;,&apos;2018b&apos;)),&apos;Version&apos;,&apos;2018b&apos;,&apos;Position&apos;,[1921 41 1920 963])</P>
    <P Name="NumInputPorts">2</P>
    <P Name="Floating">off</P>
  </Block>
  <Block BlockType="SignalGenerator" Name="Signal&#xA;Generator" SID="86">
    <P Name="Ports">[1, 1]</P>
    <P Name="Position">[-300, 95, -270, 125]</P>
    <P Name="ZOrder">14</P>
    <P Name="TimeSource">Use external signal</P>
    <P Name="Units">rad/sec</P>
  </Block>
  <Block BlockType="SubSystem" Name="Subsystem" SID="237">
    <P Name="Ports">[2, 1]</P>
    <P Name="Position">[-15, -106, 85, -64]</P>
    <P Name="ZOrder">557</P>
    <P Name="RequestExecContextInheritance">off</P>
    <P Name="ContentPreviewEnabled">on</P>
    <System Ref="system_237"/>
  </Block>
  <Block BlockType="Outport" Name="Rds_on" SID="173">
    <P Name="Position">[225, -32, 255, -18]</P>
    <P Name="ZOrder">83</P>
    <P Name="VectorParamsAs1DForOutWhenUnconnected">off</P>
  </Block>
  <Block BlockType="Outport" Name="Ids Measurment" SID="91">
    <P Name="Position">[690, 113, 720, 127]</P>
    <P Name="ZOrder">60</P>
    <P Name="Port">2</P>
    <P Name="VectorParamsAs1DForOutWhenUnconnected">off</P>
  </Block>
  <Block BlockType="Outport" Name="Vd_Measurment" SID="161">
    <P Name="Position">[730, -162, 760, -148]</P>
    <P Name="ZOrder">78</P>
    <P Name="Port">3</P>
    <P Name="VectorParamsAs1DForOutWhenUnconnected">off</P>
  </Block>
  <Block BlockType="Outport" Name="W0" SID="108">
    <P Name="Position">[535, 238, 565, 252]</P>
    <P Name="ZOrder">69</P>
    <P Name="Port">4</P>
    <P Name="VectorParamsAs1DForOutWhenUnconnected">off</P>
  </Block>
  <Block BlockType="Outport" Name="Ids_real&#xA;" SID="89">
    <P Name="Position">[385, -262, 415, -248]</P>
    <P Name="ZOrder">59</P>
    <P Name="Port">5</P>
    <P Name="VectorParamsAs1DForOutWhenUnconnected">off</P>
  </Block>
  <Block BlockType="Outport" Name="Vd_real" SID="156">
    <P Name="Position">[385, -222, 415, -208]</P>
    <P Name="ZOrder">73</P>
    <P Name="Port">6</P>
    <P Name="VectorParamsAs1DForOutWhenUnconnected">off</P>
  </Block>
  <Block BlockType="Outport" Name="Tj" SID="247">
    <P Name="Position">[605, -12, 635, 2]</P>
    <P Name="ZOrder">558</P>
    <P Name="Port">7</P>
    <P Name="VectorParamsAs1DForOutWhenUnconnected">off</P>
  </Block>
  <Line>
    <P Name="ZOrder">1</P>
    <P Name="Src">79#out:1</P>
    <P Name="Points">[45, 0]</P>
    <P Name="Dst">77#in:1</P>
  </Line>
  <Line>
    <P Name="ZOrder">2</P>
    <P Name="Src">83#out:1</P>
    <P Name="Dst">81#in:1</P>
  </Line>
  <Line>
    <P Name="ZOrder">8</P>
    <P Name="Src">77#out:1</P>
    <P Name="Dst">91#in:1</P>
  </Line>
  <Line>
    <P Name="ZOrder">82</P>
    <P Name="Src">82#out:1</P>
    <P Name="Dst">86#in:1</P>
  </Line>
  <Line>
    <P Name="ZOrder">12</P>
    <P Name="Src">93#out:1</P>
    <P Name="Dst">80#in:1</P>
  </Line>
  <Line>
    <P Name="ZOrder">14</P>
    <P Name="Src">81#out:1</P>
    <P Name="Points">[16, 0]</P>
    <Branch>
      <P Name="ZOrder">160</P>
      <P Name="Points">[329, 0]</P>
      <Branch>
        <P Name="ZOrder">124</P>
        <P Name="Points">[0, -65]</P>
        <P Name="Dst">199#in:1</P>
      </Branch>
      <Branch>
        <P Name="ZOrder">119</P>
        <P Name="Dst">77#in:2</P>
      </Branch>
    </Branch>
    <Branch>
      <P Name="ZOrder">159</P>
      <P Name="Points">[0, -195]</P>
      <P Name="Dst">237#in:2</P>
    </Branch>
  </Line>
  <Line>
    <P Name="ZOrder">15</P>
    <P Name="Src">86#out:1</P>
    <P Name="Dst">83#in:1</P>
  </Line>
  <Line>
    <P Name="ZOrder">18</P>
    <P Name="Src">80#out:1</P>
    <P Name="Points">[20, 0]</P>
    <P Name="Dst">77#in:3</P>
  </Line>
  <Line>
    <P Name="ZOrder">83</P>
    <P Name="Src">123#out:1</P>
    <P Name="Points">[24, 0]</P>
    <Branch>
      <P Name="ZOrder">79</P>
      <P Name="Points">[0, 135]</P>
      <P Name="Dst">108#in:1</P>
    </Branch>
    <Branch>
      <P Name="ZOrder">78</P>
      <P Name="Dst">82#in:1</P>
    </Branch>
  </Line>
  <Line>
    <P Name="ZOrder">85</P>
    <P Name="Src">85#out:1</P>
    <P Name="Points">[12, 0]</P>
    <Branch>
      <P Name="ZOrder">116</P>
      <P Name="Points">[0, 25]</P>
      <P Name="Dst">192#in:2</P>
    </Branch>
    <Branch>
      <P Name="ZOrder">115</P>
      <P Name="Dst">191#in:1</P>
    </Branch>
  </Line>
  <Line>
    <P Name="ZOrder">86</P>
    <P Name="Src">157#out:1</P>
    <P Name="Points">[10, 0]</P>
    <Branch>
      <P Name="ZOrder">91</P>
      <P Name="Dst">190#in:1</P>
    </Branch>
    <Branch>
      <P Name="ZOrder">90</P>
      <P Name="Points">[0, -60]</P>
      <P Name="Dst">156#in:1</P>
    </Branch>
  </Line>
  <Line>
    <P Name="ZOrder">120</P>
    <P Name="Src">197#out:1</P>
    <P Name="Dst">196#in:1</P>
  </Line>
  <Line>
    <P Name="ZOrder">92</P>
    <P Name="Src">160#out:1</P>
    <P Name="Dst">161#in:1</P>
  </Line>
  <Line>
    <P Name="ZOrder">96</P>
    <P Name="Src">165#out:1</P>
    <P Name="Points">[50, 0]</P>
    <P Name="Dst">160#in:1</P>
  </Line>
  <Line>
    <P Name="ZOrder">94</P>
    <P Name="Src">163#out:1</P>
    <P Name="Dst">164#in:1</P>
  </Line>
  <Line>
    <P Name="ZOrder">95</P>
    <P Name="Src">164#out:1</P>
    <P Name="Points">[30, 0]</P>
    <P Name="Dst">160#in:3</P>
  </Line>
  <Line>
    <P Name="ZOrder">109</P>
    <P Name="Src">174#out:1</P>
    <P Name="Dst">123#in:1</P>
  </Line>
  <Line>
    <P Name="ZOrder">110</P>
    <P Name="Src">190#out:1</P>
    <P Name="Dst">160#in:2</P>
  </Line>
  <Line>
    <P Name="ZOrder">111</P>
    <P Name="Src">191#out:1</P>
    <P Name="Points">[54, 0]</P>
    <Branch>
      <P Name="ZOrder">114</P>
      <P Name="Points">[0, -45]</P>
      <P Name="Dst">83#in:2</P>
    </Branch>
    <Branch>
      <P Name="ZOrder">113</P>
      <P Name="Points">[0, 10]</P>
      <P Name="Dst">192#in:1</P>
    </Branch>
  </Line>
  <Line>
    <P Name="ZOrder">154</P>
    <P Name="Src">237#out:1</P>
    <P Name="Points">[42, 0]</P>
    <Branch>
      <P Name="ZOrder">157</P>
      <P Name="Points">[0, -65]</P>
      <P Name="Dst">157#in:2</P>
    </Branch>
    <Branch>
      <P Name="ZOrder">156</P>
      <P Name="Points">[0, 60]</P>
      <P Name="Dst">173#in:1</P>
    </Branch>
  </Line>
  <Line>
    <P Name="ZOrder">129</P>
    <P Name="Src">198#out:1</P>
    <P Name="Points">[57, 0]</P>
    <Branch>
      <P Name="ZOrder">132</P>
      <P Name="Points">[0, 90]</P>
      <P Name="Dst">157#in:1</P>
    </Branch>
    <Branch>
      <P Name="ZOrder">130</P>
      <P Name="Dst">89#in:1</P>
    </Branch>
  </Line>
  <Line>
    <P Name="ZOrder">155</P>
    <P Name="Src">196#out:1</P>
    <P Name="Points">[116, 0]</P>
    <Branch>
      <P Name="ZOrder">162</P>
      <P Name="Points">[0, 96; 493, 0; 0, -6]</P>
      <P Name="Dst">247#in:1</P>
    </Branch>
    <Branch>
      <P Name="ZOrder">161</P>
      <P Name="Dst">237#in:1</P>
    </Branch>
  </Line>
</System>
