<?xml version="1.0" encoding="utf-8"?>
<System>
  <P Name="Location">[-7, -7, 1288, 688]</P>
  <P Name="SystemRect">[0.000000, 0.000000, 0.000000, 0.000000]</P>
  <P Name="Open">on</P>
  <P Name="SetExecutionDomain">off</P>
  <P Name="ExecutionDomainType">Deduce</P>
  <P Name="ZoomFactor">49</P>
  <P Name="SimulinkSubDomain">Simulink</P>
  <Block BlockType="Inport" Name="Ids" SID="29">
    <P Name="Position">[-195, -127, -165, -113]</P>
    <P Name="ZOrder">-1</P>
  </Block>
  <Block BlockType="Inport" Name="w0" SID="110">
    <P Name="Position">[-195, -82, -165, -68]</P>
    <P Name="ZOrder">69</P>
    <P Name="Port">2</P>
  </Block>
  <Block BlockType="Constant" Name="Constant1" SID="32">
    <P Name="Position">[190, -98, 210, -82]</P>
    <P Name="ZOrder">53</P>
    <P Name="Value">Qi</P>
    <P Name="VectorParams1D">off</P>
  </Block>
  <Block BlockType="Constant" Name="Constant2" SID="33">
    <P Name="Position">[190, -83, 210, -67]</P>
    <P Name="ZOrder">54</P>
    <P Name="Value">Ri</P>
    <P Name="VectorParams1D">off</P>
  </Block>
  <Block BlockType="Constant" Name="Constant3" SID="34">
    <P Name="Position">[190, -68, 210, -52]</P>
    <P Name="ZOrder">55</P>
    <P Name="Value">H</P>
    <P Name="VectorParams1D">off</P>
  </Block>
  <Block BlockType="Constant" Name="Constant4" SID="115">
    <P Name="Position">[0, -83, 45, -67]</P>
    <P Name="ZOrder">74</P>
    <P Name="Value">delta_t</P>
    <P Name="VectorParams1D">off</P>
  </Block>
  <Block BlockType="Delay" Name="Delay" SID="35">
    <P Name="Ports">[1, 1]</P>
    <P Name="Position">[385, 73, 420, 107]</P>
    <P Name="ZOrder">50</P>
    <P Name="BlockMirror">on</P>
    <P Name="NameLocation">top</P>
    <P Name="InputPortMap">u0</P>
    <P Name="DelayLength">1</P>
    <P Name="InitialCondition">[0;0;0]</P>
    <P Name="SampleTime">delta_t</P>
  </Block>
  <Block BlockType="Delay" Name="Delay1" SID="36">
    <P Name="Ports">[1, 1]</P>
    <P Name="Position">[385, 18, 420, 52]</P>
    <P Name="ZOrder">51</P>
    <P Name="BlockMirror">on</P>
    <P Name="NameLocation">top</P>
    <P Name="InputPortMap">u0</P>
    <P Name="DelayLength">1</P>
    <P Name="InitialCondition">P</P>
    <P Name="SampleTime">delta_t</P>
  </Block>
  <Block BlockType="Demux" Name="Demux" SID="103">
    <P Name="Ports">[1, 3]</P>
    <P Name="Position">[600, -119, 605, -81]</P>
    <P Name="ZOrder">67</P>
    <P Name="ShowName">off</P>
    <P Name="Outputs">3</P>
  </Block>
  <Block BlockType="SubSystem" Name="Kalman Filtering Step" SID="40">
    <P Name="Ports">[7, 2]</P>
    <P Name="Position">[295, -127, 450, -23]</P>
    <P Name="ZOrder">49</P>
    <P Name="ErrorFcn">Stateflow.Translate.translate</P>
    <P Name="PermitHierarchicalResolution">ExplicitOnly</P>
    <P Name="TreatAsAtomicUnit">on</P>
    <P Name="RequestExecContextInheritance">off</P>
    <P Name="SFBlockType">MATLAB Function</P>
    <P Name="ContentPreviewEnabled">on</P>
    <System Ref="system_40"/>
  </Block>
  <Block BlockType="SubSystem" Name="Kalman Filtering Step1" SID="114">
    <P Name="Ports">[2, 1]</P>
    <P Name="Position">[80, -105, 140, -65]</P>
    <P Name="ZOrder">73</P>
    <P Name="ShowName">off</P>
    <P Name="HideAutomaticName">off</P>
    <P Name="ErrorFcn">Stateflow.Translate.translate</P>
    <P Name="PermitHierarchicalResolution">ExplicitOnly</P>
    <P Name="TreatAsAtomicUnit">on</P>
    <P Name="RequestExecContextInheritance">off</P>
    <P Name="SFBlockType">MATLAB Function</P>
    <P Name="ContentPreviewEnabled">on</P>
    <System Ref="system_114"/>
  </Block>
  <Block BlockType="Scope" Name="Scope" SID="201">
    <P Name="Ports">[2]</P>
    <P Name="Position">[695, -9, 725, 24]</P>
    <P Name="ZOrder">80</P>
    <P Name="ScopeSpecificationString">Simulink.scopes.TimeScopeBlockCfg(&apos;CurrentConfiguration&apos;, extmgr.ConfigurationSet(extmgr.Configuration(&apos;Core&apos;,&apos;General UI&apos;,true),extmgr.Configuration(&apos;Core&apos;,&apos;Source UI&apos;,true),extmgr.Configuration(&apos;Sources&apos;,&apos;WiredSimulink&apos;,true,&apos;DataLoggingVariableName&apos;,&apos;ScopeData1&apos;),extmgr.Configuration(&apos;Visuals&apos;,&apos;Time Domain&apos;,true,&apos;SerializedDisplays&apos;,{struct(&apos;MinYLimReal&apos;,&apos;-35.33681&apos;,&apos;MaxYLimReal&apos;,&apos;55.16227&apos;,&apos;YLabelReal&apos;,&apos;&apos;,&apos;MinYLimMag&apos;,&apos;0.00000&apos;,&apos;MaxYLimMag&apos;,&apos;55.16227&apos;,&apos;LegendVisibility&apos;,&apos;off&apos;,&apos;XGrid&apos;,true,&apos;YGrid&apos;,true,&apos;PlotMagPhase&apos;,false,&apos;AxesColor&apos;,[0 0 0],&apos;AxesTickColor&apos;,[0.686274509803922 0.686274509803922 0.686274509803922],&apos;ColorOrder&apos;,[1 1 0.0666666666666667;0.0745098039215686 0.623529411764706 1;1 0.411764705882353 0.16078431372549;0.392156862745098 0.831372549019608 0.0745098039215686;0.717647058823529 0.274509803921569 1;0.0588235294117647 1 1;1 0.0745098039215686 0.650980392156863],&apos;Title&apos;,&apos;%&lt;SignalLabel&gt;&apos;,&apos;LinePropertiesCache&apos;,{{}},&apos;UserDefinedChannelNames&apos;,{{}},&apos;NumLines&apos;,2,&apos;LineNames&apos;,{{&apos;Demux/1&apos;,&apos;Demux/3&apos;}},&apos;ShowContent&apos;,true,&apos;Placement&apos;,1)},&apos;DisplayPropertyDefaults&apos;,struct(&apos;MinYLimReal&apos;,&apos;-35.33681&apos;,&apos;MaxYLimReal&apos;,&apos;55.16227&apos;,&apos;YLabelReal&apos;,&apos;&apos;,&apos;MinYLimMag&apos;,&apos;0.00000&apos;,&apos;MaxYLimMag&apos;,&apos;55.16227&apos;,&apos;LegendVisibility&apos;,&apos;off&apos;,&apos;XGrid&apos;,true,&apos;YGrid&apos;,true,&apos;PlotMagPhase&apos;,false,&apos;AxesColor&apos;,[0 0 0],&apos;AxesTickColor&apos;,[0.686274509803922 0.686274509803922 0.686274509803922],&apos;ColorOrder&apos;,[0.0745098039215686 0.623529411764706 1;1 0.411764705882353 0.16078431372549;1 1 0.0666666666666667;0.717647058823529 0.274509803921569 1;0.392156862745098 0.831372549019608 0.0745098039215686;0.0588235294117647 1 1;1 0.0745098039215686 0.650980392156863])),extmgr.Configuration(&apos;Tools&apos;,&apos;Plot Navigation&apos;,true,&apos;OnceAtStop&apos;,false),extmgr.Configuration(&apos;Tools&apos;,&apos;Measurements&apos;,true,&apos;Version&apos;,&apos;2018b&apos;)),&apos;Version&apos;,&apos;2018b&apos;,&apos;Position&apos;,[1.66666666666667 41.6666666666667 1278.66666666667 599.333333333333])</P>
    <P Name="NumInputPorts">2</P>
    <P Name="Floating">off</P>
  </Block>
  <Block BlockType="ZeroOrderHold" Name="Zero-Order&#xA;Hold" SID="109">
    <P Name="Position">[-95, -135, -60, -105]</P>
    <P Name="ZOrder">68</P>
    <P Name="SampleTime">delta_t</P>
  </Block>
  <Block BlockType="ZeroOrderHold" Name="Zero-Order&#xA;Hold1" SID="111">
    <P Name="Position">[-95, -90, -60, -60]</P>
    <P Name="ZOrder">70</P>
    <P Name="SampleTime">delta_t</P>
  </Block>
  <Block BlockType="Outport" Name="Ids_estimate" SID="30">
    <P Name="Position">[705, -117, 735, -103]</P>
    <P Name="ZOrder">-2</P>
    <P Name="VectorParamsAs1DForOutWhenUnconnected">off</P>
  </Block>
  <Block BlockType="Outport" Name="Ids_measured" SID="194">
    <P Name="Position">[40, 38, 70, 52]</P>
    <P Name="ZOrder">79</P>
    <P Name="Port">2</P>
    <P Name="VectorParamsAs1DForOutWhenUnconnected">off</P>
  </Block>
  <Line>
    <P Name="ZOrder">4</P>
    <P Name="Src">40#out:1</P>
    <P Name="Points">[76, 0]</P>
    <Branch>
      <P Name="ZOrder">82</P>
      <P Name="Dst">103#in:1</P>
    </Branch>
    <Branch>
      <P Name="ZOrder">2</P>
      <P Name="Points">[0, 190]</P>
      <P Name="Dst">35#in:1</P>
    </Branch>
  </Line>
  <Line>
    <P Name="ZOrder">95</P>
    <P Name="Src">114#out:1</P>
    <P Name="Points">[20, 0; 0, -20]</P>
    <P Name="Dst">40#in:2</P>
  </Line>
  <Line>
    <P Name="ZOrder">7</P>
    <P Name="Src">40#out:2</P>
    <P Name="Points">[19, 0; 0, 85]</P>
    <P Name="Dst">36#in:1</P>
  </Line>
  <Line>
    <P Name="ZOrder">9</P>
    <P Name="Src">35#out:1</P>
    <P Name="Points">[-156, 0; 0, -135]</P>
    <P Name="Dst">40#in:6</P>
  </Line>
  <Line>
    <P Name="ZOrder">30</P>
    <P Name="Src">29#out:1</P>
    <P Name="Dst">109#in:1</P>
  </Line>
  <Line>
    <P Name="ZOrder">50</P>
    <P Name="Src">32#out:1</P>
    <P Name="Dst">40#in:3</P>
  </Line>
  <Line>
    <P Name="ZOrder">17</P>
    <P Name="Src">36#out:1</P>
    <P Name="Points">[-139, 0; 0, -65]</P>
    <P Name="Dst">40#in:7</P>
  </Line>
  <Line>
    <P Name="ZOrder">53</P>
    <P Name="Src">33#out:1</P>
    <P Name="Dst">40#in:4</P>
  </Line>
  <Line>
    <P Name="ZOrder">54</P>
    <P Name="Src">34#out:1</P>
    <P Name="Dst">40#in:5</P>
  </Line>
  <Line>
    <P Name="ZOrder">66</P>
    <P Name="Src">103#out:1</P>
    <P Name="Points">[52, 0]</P>
    <Branch>
      <P Name="ZOrder">132</P>
      <P Name="Points">[0, 110]</P>
      <P Name="Dst">201#in:1</P>
    </Branch>
    <Branch>
      <P Name="ZOrder">131</P>
      <P Name="Dst">30#in:1</P>
    </Branch>
  </Line>
  <Line>
    <P Name="ZOrder">93</P>
    <P Name="Src">109#out:1</P>
    <P Name="Points">[38, 0]</P>
    <Branch>
      <P Name="ZOrder">124</P>
      <P Name="Points">[0, 165]</P>
      <P Name="Dst">194#in:1</P>
    </Branch>
    <Branch>
      <P Name="ZOrder">123</P>
      <P Name="Dst">40#in:1</P>
    </Branch>
  </Line>
  <Line>
    <P Name="ZOrder">94</P>
    <P Name="Src">110#out:1</P>
    <P Name="Dst">111#in:1</P>
  </Line>
  <Line>
    <P Name="ZOrder">96</P>
    <P Name="Src">111#out:1</P>
    <P Name="Points">[19, 0; 0, -20]</P>
    <P Name="Dst">114#in:1</P>
  </Line>
  <Line>
    <P Name="ZOrder">97</P>
    <P Name="Src">115#out:1</P>
    <P Name="Dst">114#in:2</P>
  </Line>
  <Line>
    <P Name="ZOrder">129</P>
    <P Name="Src">103#out:3</P>
    <P Name="Points">[27, 0; 0, 105]</P>
    <P Name="Dst">201#in:2</P>
  </Line>
</System>
