<?xml version="1.0" encoding="utf-8"?>
<System>
  <P Name="Location">[1913, -7, 3848, 1048]</P>
  <P Name="SystemRect">[0.000000, 0.000000, 0.000000, 0.000000]</P>
  <P Name="SetExecutionDomain">off</P>
  <P Name="ExecutionDomainType">Deduce</P>
  <P Name="ZoomFactor">80</P>
  <P Name="SimulinkSubDomain">Simulink</P>
  <Block BlockType="Inport" Name="Ids" SID="256">
    <P Name="Position">[-290, 68, -260, 82]</P>
    <P Name="ZOrder">558</P>
  </Block>
  <Block BlockType="Inport" Name="w0" SID="257">
    <P Name="Position">[-290, 163, -260, 177]</P>
    <P Name="ZOrder">567</P>
    <P Name="Port">2</P>
  </Block>
  <Block BlockType="Inport" Name="Vds" SID="273">
    <P Name="Position">[-290, 118, -260, 132]</P>
    <P Name="ZOrder">573</P>
    <P Name="Port">3</P>
  </Block>
  <Block BlockType="Constant" Name="Constant1" SID="258">
    <P Name="Position">[60, 177, 80, 193]</P>
    <P Name="ZOrder">562</P>
    <P Name="Value">Q_2</P>
    <P Name="VectorParams1D">off</P>
  </Block>
  <Block BlockType="Constant" Name="Constant2" SID="259">
    <P Name="Position">[60, 207, 80, 223]</P>
    <P Name="ZOrder">563</P>
    <P Name="Value">R_2</P>
    <P Name="VectorParams1D">off</P>
  </Block>
  <Block BlockType="Constant" Name="Constant4" SID="261">
    <P Name="Position">[-130, 177, -85, 193]</P>
    <P Name="ZOrder">570</P>
    <P Name="Value">delta_t</P>
    <P Name="VectorParams1D">off</P>
  </Block>
  <Block BlockType="Delay" Name="Delay" SID="262">
    <P Name="Ports">[1, 1]</P>
    <P Name="Position">[290, 318, 325, 352]</P>
    <P Name="ZOrder">560</P>
    <P Name="BlockMirror">on</P>
    <P Name="NameLocation">top</P>
    <P Name="InputPortMap">u0</P>
    <P Name="DelayLength">1</P>
    <P Name="InitialCondition">X_kal_2</P>
    <P Name="SampleTime">delta_t</P>
  </Block>
  <Block BlockType="Delay" Name="Delay1" SID="263">
    <P Name="Ports">[1, 1]</P>
    <P Name="Position">[290, 263, 325, 297]</P>
    <P Name="ZOrder">561</P>
    <P Name="BlockMirror">on</P>
    <P Name="NameLocation">top</P>
    <P Name="InputPortMap">u0</P>
    <P Name="DelayLength">1</P>
    <P Name="InitialCondition">P_2</P>
    <P Name="SampleTime">delta_t</P>
  </Block>
  <Block BlockType="Demux" Name="Demux" SID="264">
    <P Name="Ports">[1, 4]</P>
    <P Name="Position">[505, 130, 510, 225]</P>
    <P Name="ZOrder">565</P>
    <P Name="ShowName">off</P>
  </Block>
  <Block BlockType="SubSystem" Name="Kalman Filtering Step" SID="265">
    <P Name="Ports">[6, 2]</P>
    <P Name="Position">[200, 125, 355, 230]</P>
    <P Name="ZOrder">559</P>
    <P Name="ErrorFcn">Stateflow.Translate.translate</P>
    <P Name="PermitHierarchicalResolution">ExplicitOnly</P>
    <P Name="TreatAsAtomicUnit">on</P>
    <P Name="RequestExecContextInheritance">off</P>
    <P Name="SFBlockType">MATLAB Function</P>
    <P Name="ContentPreviewEnabled">on</P>
    <System Ref="system_265"/>
  </Block>
  <Block BlockType="SubSystem" Name="Kalman Filtering Step1" SID="266">
    <P Name="Ports">[2, 1]</P>
    <P Name="Position">[-15, 140, 45, 180]</P>
    <P Name="ZOrder">569</P>
    <P Name="ShowName">off</P>
    <P Name="HideAutomaticName">off</P>
    <P Name="ErrorFcn">Stateflow.Translate.translate</P>
    <P Name="PermitHierarchicalResolution">ExplicitOnly</P>
    <P Name="TreatAsAtomicUnit">on</P>
    <P Name="RequestExecContextInheritance">off</P>
    <P Name="SFBlockType">MATLAB Function</P>
    <P Name="ContentPreviewEnabled">on</P>
    <System Ref="system_266"/>
  </Block>
  <Block BlockType="Mux" Name="Mux" SID="275">
    <P Name="Ports">[2, 1]</P>
    <P Name="Position">[65, 96, 70, 134]</P>
    <P Name="ZOrder">575</P>
    <P Name="ShowName">off</P>
    <P Name="Inputs">2</P>
    <P Name="DisplayOption">bar</P>
  </Block>
  <Block BlockType="SubSystem" Name="Offset_estimator" SID="280">
    <P Name="Ports">[1, 1]</P>
    <P Name="Position">[-80, 514, 110, 606]</P>
    <P Name="ZOrder">576</P>
    <P Name="RequestExecContextInheritance">off</P>
    <P Name="ContentPreviewEnabled">on</P>
    <System Ref="system_280"/>
  </Block>
  <Block BlockType="SubSystem" Name="Offset_estimator1" SID="314">
    <P Name="Ports">[1, 1]</P>
    <P Name="Position">[-80, 709, 110, 801]</P>
    <P Name="ZOrder">583</P>
    <P Name="RequestExecContextInheritance">off</P>
    <P Name="ContentPreviewEnabled">on</P>
    <System Ref="system_314"/>
  </Block>
  <Block BlockType="SubSystem" Name="RG_Current_Estimator" SID="286">
    <P Name="Ports">[2, 2]</P>
    <P Name="Position">[250, 429, 445, 536]</P>
    <P Name="ZOrder">578</P>
    <P Name="RequestExecContextInheritance">off</P>
    <P Name="ContentPreviewEnabled">on</P>
    <System Ref="system_286"/>
  </Block>
  <Block BlockType="SubSystem" Name="RG_Voltage_Estimator" SID="301">
    <P Name="Ports">[2, 2]</P>
    <P Name="Position">[260, 614, 455, 721]</P>
    <P Name="ZOrder">581</P>
    <P Name="RequestExecContextInheritance">off</P>
    <P Name="ContentPreviewEnabled">on</P>
    <System Ref="system_301"/>
  </Block>
  <Block BlockType="Reference" Name="Recursive Least Squares Estimator" SID="313">
    <P Name="Ports">[2, 1]</P>
    <P Name="Position">[570, 434, 680, 516]</P>
    <P Name="ZOrder">582</P>
    <P Name="LibraryVersion">3.0</P>
    <P Name="SourceBlock">ctrlSharedLib/Recursive Least Squares Estimator</P>
    <P Name="SourceType">idEstimatorsRLS</P>
    <P Name="SourceProductBaseCode">CT,ID</P>
    <InstanceData>
      <P Name="RTWMemSecFuncInitTerm">Inherit from model</P>
      <P Name="RTWMemSecFuncExecute">Inherit from model</P>
      <P Name="RTWMemSecDataConstants">Inherit from model</P>
      <P Name="RTWMemSecDataInternal">Inherit from model</P>
      <P Name="RTWMemSecDataParameters">Inherit from model</P>
      <P Name="ContentPreviewEnabled">on</P>
      <P Name="InitialEstimateSource">None</P>
      <P Name="InitialParameterData">1</P>
      <P Name="P0">1</P>
      <P Name="InitialRegressors">0</P>
      <P Name="InitialOutputs">0</P>
      <P Name="History">Finite</P>
      <P Name="WindowLength">50</P>
      <P Name="EstimationMethod">Forgetting Factor</P>
      <P Name="AdaptationParameter">1</P>
      <P Name="HasTimeVaryingAdaptationParameter">off</P>
      <P Name="NormalizationBias">eps</P>
      <P Name="OutputError">off</P>
      <P Name="OutputP">off</P>
      <P Name="AddEnablePort">off</P>
      <P Name="ExternalReset">None</P>
      <P Name="InputProcessing">Sample-based</P>
      <P Name="Ts">delta_t</P>
    </InstanceData>
  </Block>
  <Block BlockType="Sum" Name="Sum" SID="298">
    <P Name="Ports">[2, 1]</P>
    <P Name="Position">[140, 445, 160, 465]</P>
    <P Name="ZOrder">580</P>
    <P Name="ShowName">off</P>
    <P Name="Inputs">|+-</P>
  </Block>
  <Block BlockType="Sum" Name="Sum1" SID="321">
    <P Name="Ports">[2, 1]</P>
    <P Name="Position">[140, 630, 160, 650]</P>
    <P Name="ZOrder">584</P>
    <P Name="ShowName">off</P>
    <P Name="Inputs">|+-</P>
  </Block>
  <Block BlockType="ZeroOrderHold" Name="Zero-Order&#xA;Hold" SID="268">
    <P Name="Position">[-190, 60, -155, 90]</P>
    <P Name="ZOrder">566</P>
    <P Name="SampleTime">delta_t</P>
    <Port>
      <P Name="PortNumber">1</P>
      <P Name="Name">y</P>
    </Port>
  </Block>
  <Block BlockType="ZeroOrderHold" Name="Zero-Order&#xA;Hold1" SID="269">
    <P Name="Position">[-190, 150, -155, 180]</P>
    <P Name="ZOrder">568</P>
    <P Name="SampleTime">delta_t</P>
  </Block>
  <Block BlockType="ZeroOrderHold" Name="Zero-Order&#xA;Hold2" SID="274">
    <P Name="Position">[-190, 110, -155, 140]</P>
    <P Name="ZOrder">574</P>
    <P Name="SampleTime">delta_t</P>
    <Port>
      <P Name="PortNumber">1</P>
      <P Name="Name">y</P>
    </Port>
  </Block>
  <Block BlockType="Outport" Name="Rds_on_kalman" SID="255">
    <P Name="Position">[705, 208, 735, 222]</P>
    <P Name="ZOrder">-2</P>
    <P Name="VectorParamsAs1DForOutWhenUnconnected">off</P>
  </Block>
  <Block BlockType="Outport" Name="Ids_estimate" SID="270">
    <P Name="Position">[720, 158, 750, 172]</P>
    <P Name="ZOrder">557</P>
    <P Name="Port">2</P>
    <P Name="VectorParamsAs1DForOutWhenUnconnected">off</P>
  </Block>
  <Block BlockType="Outport" Name="Rds_on_Gauss" SID="322">
    <P Name="Position">[785, 468, 815, 482]</P>
    <P Name="ZOrder">585</P>
    <P Name="Port">3</P>
    <P Name="VectorParamsAs1DForOutWhenUnconnected">off</P>
  </Block>
  <Block BlockType="Outport" Name="Current_RG" SID="325">
    <P Name="Position">[785, 548, 815, 562]</P>
    <P Name="ZOrder">586</P>
    <P Name="Port">4</P>
    <P Name="VectorParamsAs1DForOutWhenUnconnected">off</P>
  </Block>
  <Block BlockType="Outport" Name="Voltage_RG" SID="326">
    <P Name="Position">[780, 688, 810, 702]</P>
    <P Name="ZOrder">587</P>
    <P Name="Port">5</P>
    <P Name="VectorParamsAs1DForOutWhenUnconnected">off</P>
  </Block>
  <Line>
    <P Name="ZOrder">9</P>
    <P Name="Src">259#out:1</P>
    <P Name="Points">[65, 0; 0, -30]</P>
    <P Name="Dst">265#in:4</P>
  </Line>
  <Line>
    <P Name="ZOrder">10</P>
    <P Name="Src">269#out:1</P>
    <P Name="Points">[13, 0; 0, -9; 67, 0]</P>
    <Branch>
      <P Name="ZOrder">123</P>
      <P Name="Points">[0, 213; 266, 0; 0, 141; 1, 0]</P>
      <Branch>
        <P Name="ZOrder">125</P>
        <P Name="Points">[0, 185]</P>
        <P Name="Dst">301#in:2</P>
      </Branch>
      <Branch>
        <P Name="ZOrder">124</P>
        <P Name="Dst">286#in:2</P>
      </Branch>
    </Branch>
    <Branch>
      <P Name="ZOrder">122</P>
      <P Name="Points">[27, 0; 0, -6]</P>
      <P Name="Dst">266#in:1</P>
    </Branch>
  </Line>
  <Line>
    <P Name="ZOrder">11</P>
    <P Name="Src">261#out:1</P>
    <P Name="Points">[37, 0; 0, -15]</P>
    <P Name="Dst">266#in:2</P>
  </Line>
  <Line>
    <P Name="ZOrder">13</P>
    <P Name="Src">257#out:1</P>
    <P Name="Points">[30, 0; 0, -5]</P>
    <P Name="Dst">269#in:1</P>
  </Line>
  <Line>
    <P Name="ZOrder">17</P>
    <P Name="Src">265#out:1</P>
    <P Name="Points">[76, 0; 0, 25]</P>
    <Branch>
      <P Name="ZOrder">65</P>
      <P Name="Dst">264#in:1</P>
    </Branch>
    <Branch>
      <P Name="ZOrder">15</P>
      <P Name="Points">[0, 155]</P>
      <P Name="Dst">262#in:1</P>
    </Branch>
  </Line>
  <Line>
    <P Name="ZOrder">18</P>
    <P Name="Src">262#out:1</P>
    <P Name="Points">[-117, 0; 0, -135]</P>
    <P Name="Dst">265#in:5</P>
  </Line>
  <Line>
    <P Name="ZOrder">19</P>
    <P Name="Src">265#out:2</P>
    <P Name="Points">[19, 0; 0, 75]</P>
    <P Name="Dst">263#in:1</P>
  </Line>
  <Line>
    <P Name="ZOrder">20</P>
    <P Name="Src">263#out:1</P>
    <P Name="Points">[-103, 0; 0, -65]</P>
    <P Name="Dst">265#in:6</P>
  </Line>
  <Line>
    <P Name="ZOrder">21</P>
    <P Name="Src">256#out:1</P>
    <P Name="Dst">268#in:1</P>
  </Line>
  <Line>
    <P Name="ZOrder">22</P>
    <P Name="Src">266#out:1</P>
    <P Name="Points">[82, 0; 0, -5]</P>
    <P Name="Dst">265#in:2</P>
  </Line>
  <Line>
    <P Name="ZOrder">23</P>
    <P Name="Src">258#out:1</P>
    <P Name="Points">[55, 0; 0, -15]</P>
    <P Name="Dst">265#in:3</P>
  </Line>
  <Line>
    <P Name="ZOrder">24</P>
    <P Name="Src">273#out:1</P>
    <P Name="Dst">274#in:1</P>
  </Line>
  <Line>
    <P Name="ZOrder">30</P>
    <P Name="Src">275#out:1</P>
    <P Name="Points">[45, 0; 0, 25]</P>
    <P Name="Dst">265#in:1</P>
  </Line>
  <Line>
    <P Name="ZOrder">82</P>
    <P Name="Src">280#out:1</P>
    <P Name="Points">[35, 0]</P>
    <P Name="Dst">298#in:2</P>
  </Line>
  <Line>
    <P Name="Name">y</P>
    <P Name="ZOrder">5</P>
    <P Name="Src">268#out:1</P>
    <P Name="Points">[15, 0; 0, 30]</P>
    <Branch>
      <P Name="ZOrder">128</P>
      <P Name="Labels">[-1, 1]</P>
      <P Name="Dst">275#in:1</P>
    </Branch>
    <Branch>
      <P Name="ZOrder">90</P>
      <P Name="Points">[0, 350; 26, 0]</P>
      <Branch>
        <P Name="ZOrder">92</P>
        <P Name="Labels">[0, 0]</P>
        <P Name="Points">[0, 105]</P>
        <P Name="Dst">280#in:1</P>
      </Branch>
      <Branch>
        <P Name="ZOrder">91</P>
        <P Name="Dst">298#in:1</P>
      </Branch>
    </Branch>
  </Line>
  <Line>
    <P Name="ZOrder">104</P>
    <P Name="Src">286#out:1</P>
    <P Name="Dst">313#in:1</P>
  </Line>
  <Line>
    <P Name="ZOrder">86</P>
    <P Name="Src">298#out:1</P>
    <P Name="Dst">286#in:1</P>
  </Line>
  <Line>
    <P Name="Name">y</P>
    <P Name="ZOrder">29</P>
    <P Name="Src">274#out:1</P>
    <P Name="Points">[8, 0]</P>
    <Branch>
      <P Name="ZOrder">101</P>
      <P Name="Points">[0, 540; 1, 0]</P>
      <Branch>
        <P Name="ZOrder">103</P>
        <P Name="Points">[0, 90]</P>
        <P Name="Dst">314#in:1</P>
      </Branch>
      <Branch>
        <P Name="ZOrder">102</P>
        <P Name="Labels">[2, 1]</P>
        <P Name="Points">[0, -25]</P>
        <P Name="Dst">321#in:1</P>
      </Branch>
    </Branch>
    <Branch>
      <P Name="ZOrder">100</P>
      <P Name="Dst">275#in:2</P>
    </Branch>
  </Line>
  <Line>
    <P Name="ZOrder">97</P>
    <P Name="Src">314#out:1</P>
    <P Name="Points">[35, 0]</P>
    <P Name="Dst">321#in:2</P>
  </Line>
  <Line>
    <P Name="ZOrder">99</P>
    <P Name="Src">321#out:1</P>
    <P Name="Dst">301#in:1</P>
  </Line>
  <Line>
    <P Name="ZOrder">105</P>
    <P Name="Src">301#out:1</P>
    <P Name="Points">[56, 0; 0, -145]</P>
    <P Name="Dst">313#in:2</P>
  </Line>
  <Line>
    <P Name="ZOrder">106</P>
    <P Name="Src">313#out:1</P>
    <P Name="Dst">322#in:1</P>
  </Line>
  <Line>
    <P Name="ZOrder">107</P>
    <P Name="Src">286#out:2</P>
    <P Name="Points">[12, 0; 0, 45]</P>
    <P Name="Dst">325#in:1</P>
  </Line>
  <Line>
    <P Name="ZOrder">108</P>
    <P Name="Src">301#out:2</P>
    <P Name="Dst">326#in:1</P>
  </Line>
  <Line>
    <P Name="ZOrder">110</P>
    <P Name="Src">264#out:2</P>
    <P Name="Dst">270#in:1</P>
  </Line>
  <Line>
    <P Name="ZOrder">162</P>
    <P Name="Src">264#out:4</P>
    <P Name="Dst">255#in:1</P>
  </Line>
</System>
