<?xml version="1.0" encoding="UTF-8"?>
<sltp_graph version="1.1" packageUris="http://schema.mathworks.com/mf0/sltp_mm/R2021b_202106150630">
  <sltp.mm.core.Context type="sltp.mm.core.Context" uuid="8eed9cc6-1ac0-48b1-b6c6-0c10382acb4f">
    <priorityDirection>HighNumberLast</priorityDirection>
    <unusedTaskIds>1</unusedTaskIds>
    <editorState type="sltp.mm.core.EditorState" uuid="f943eed6-ea96-4dff-87c4-f31bacdc5f55">
      <isSynchronized>true</isSynchronized>
      <panelState type="sltp.mm.core.EditorPanelState" uuid="8aba7306-6b44-49bf-ba66-46648c598b64"/>
    </editorState>
    <rootTask type="sltp.mm.core.Task" uuid="94cc3116-8fa9-418c-abd5-dfcd85a9facc">
      <context type="sltp.mm.core.Context" uuid="8eed9cc6-1ac0-48b1-b6c6-0c10382acb4f"/>
      <explicit>false</explicit>
      <name>Default</name>
      <priority>-2147483648</priority>
      <subgraph type="sltp.mm.core.Graph" uuid="8a3ce765-23ed-41fa-b2fd-c49a9a940da2">
        <tasks type="sltp.mm.core.Task" uuid="8d4d88ca-4026-4612-88c0-d340d3637da7">
          <baseTask>true</baseTask>
          <context type="sltp.mm.core.Context" uuid="8eed9cc6-1ac0-48b1-b6c6-0c10382acb4f"/>
          <explicit>false</explicit>
          <id>2</id>
          <isTimed>true</isTimed>
          <name>Cont</name>
          <priority>40</priority>
          <rates type="sltp.mm.core.Rate" uuid="28808824-8092-4d69-aa8d-849ab0f26b7a">
            <annotation>Cont</annotation>
            <color>255</color>
            <hasBlocks>true</hasBlocks>
            <rateSpec type="sltp.mm.core.RateSpec">
              <period>0.0</period>
            </rateSpec>
            <sti>0</sti>
          </rates>
          <rates type="sltp.mm.core.Rate" uuid="488a4232-b0af-4be0-a4f2-0960c36c5e71">
            <annotation>D1</annotation>
            <color>-436207361</color>
            <hasBlocks>true</hasBlocks>
            <rateSpec type="sltp.mm.core.RateSpec">
              <period>.001</period>
            </rateSpec>
            <sti>1</sti>
          </rates>
          <rates type="sltp.mm.core.Rate" uuid="01022552-994e-4a06-894f-082834a7ff5c">
            <annotation>D2</annotation>
            <color>13697279</color>
            <hasBlocks>true</hasBlocks>
            <rateSpec type="sltp.mm.core.RateSpec">
              <period>1.0</period>
            </rateSpec>
            <sti>2</sti>
          </rates>
          <rates type="sltp.mm.core.Rate" uuid="d1e86d3c-a685-40f8-8d3b-c093d634293a">
            <annotation>D3</annotation>
            <color>52479</color>
            <hasBlocks>true</hasBlocks>
            <rateSpec type="sltp.mm.core.RateSpec">
              <period>2.0</period>
            </rateSpec>
            <sti>3</sti>
          </rates>
        </tasks>
      </subgraph>
    </rootTask>
  </sltp.mm.core.Context>
</sltp_graph>