<?xml version="1.0" encoding="UTF-8"?>
<sltp_editor version="1.1" packageUris="http://schema.mathworks.com/mf0/DiagramEditor/R2019a_20181107 http://schema.mathworks.com/mf0/SltpSyntax/R2021b_202101212121">
  <diagram.editor.model.Diagram type="diagram.editor.model.Diagram" uuid="e2ca2fa4-6358-4130-9479-6fee2bf04e6c">
    <entities type="diagram.editor.model.Entity" uuid="af4806eb-377b-43e0-8d63-05b5f25dff79">
      <position>0,0</position>
      <size>0,0,100,100</size>
      <syntaxElement type="sltp.mm.syntax.Node" uuid="5ce32570-af90-4174-aadf-1bd8a351e5b4"/>
      <title>Cont</title>
      <type>base</type>
      <subDiagram type="diagram.editor.model.Diagram" uuid="be5c3840-6f78-4b1a-8a2b-92549e7405ed">
        <position>0,0</position>
        <size>0,0,0,0</size>
        <syntaxElement type="sltp.mm.syntax.Graph" uuid="a0e2c66b-5731-429b-ab42-6cca66334d32"/>
        <title>Cont</title>
        <type>graph.Graph</type>
      </subDiagram>
    </entities>
    <position>0,0</position>
    <size>0,0,0,0</size>
    <syntaxElement type="sltp.mm.syntax.Graph" uuid="7bab02d7-55f6-4f0e-8f03-90a7500517ee"/>
    <title>Default</title>
    <type>graph.Graph</type>
  </diagram.editor.model.Diagram>
  <sltp.mm.syntax.Context type="sltp.mm.syntax.Context" uuid="c3fc9b95-d00a-41f7-bf00-64ecbd83f594">
    <rootGraph type="sltp.mm.syntax.Graph" uuid="7bab02d7-55f6-4f0e-8f03-90a7500517ee">
      <children type="sltp.mm.syntax.Node" uuid="5ce32570-af90-4174-aadf-1bd8a351e5b4">
        <priority>40</priority>
        <rates type="sltp.mm.syntax.RateData">
          <color>#000000</color>
          <hasBlocks>true</hasBlocks>
          <rate>0</rate>
          <title>Cont</title>
        </rates>
        <rates type="sltp.mm.syntax.RateData">
          <color>#e60000</color>
          <hasBlocks>true</hasBlocks>
          <rate>0.001</rate>
          <title>D1</title>
        </rates>
        <rates type="sltp.mm.syntax.RateData">
          <color>#00d100</color>
          <hasBlocks>true</hasBlocks>
          <rate>1</rate>
          <title>D2</title>
        </rates>
        <rates type="sltp.mm.syntax.RateData">
          <color>#0000cc</color>
          <hasBlocks>true</hasBlocks>
          <rate>2</rate>
          <title>D3</title>
        </rates>
        <title>Cont</title>
        <type>base</type>
        <diagramElement type="diagram.editor.model.Entity" uuid="af4806eb-377b-43e0-8d63-05b5f25dff79"/>
        <subgraph type="sltp.mm.syntax.Graph" uuid="a0e2c66b-5731-429b-ab42-6cca66334d32">
          <title>Cont</title>
          <diagramElement type="diagram.editor.model.Diagram" uuid="be5c3840-6f78-4b1a-8a2b-92549e7405ed"/>
        </subgraph>
      </children>
      <title>Default</title>
      <diagramElement type="diagram.editor.model.Diagram" uuid="e2ca2fa4-6358-4130-9479-6fee2bf04e6c"/>
    </rootGraph>
  </sltp.mm.syntax.Context>
</sltp_editor>